accurateCrosses,accurateFinalThirdPassesAgainst,accurateLongBalls,accurateOppositionHalfPasses,accurateOppositionHalfPassesAgainst,accurateOwnHalfPasses,accurateOwnHalfPassesAgainst,accuratePasses,accuratePassesAgainst,aerialDuelsWon,assists,averageBallPossession,avgRating,awardedMatches,bigChances,bigChancesAgainst,bigChancesCreated,bigChancesCreatedAgainst,bigChancesMissed,bigChancesMissedAgainst,cleanSheets,clearances,clearancesAgainst,clearancesOffLine,corners,cornersAgainst,crossesSuccessfulAgainst,crossesTotalAgainst,dribbleAttempts,dribbleAttemptsTotalAgainst,dribbleAttemptsWonAgainst,duelsWon,errorsLeadingToGoal,errorsLeadingToGoalAgainst,errorsLeadingToShot,errorsLeadingToShotAgainst,fastBreakGoals,fastBreakShots,fastBreaks,fouls,freeKickGoals,freeKickShots,goalsConceded,goalsFromInsideTheBox,goalsFromOutsideTheBox,goalsScored,groundDuelsWon,headedGoals,hitWoodwork,hitWoodworkAgainst,interceptions,interceptionsAgainst,keyPassesAgainst,lastManTackles,leftFootGoals,longBallsSuccessfulAgainst,longBallsTotalAgainst,matches,offsides,offsidesAgainst,oppositionHalfPassesTotalAgainst,ownGoals,ownHalfPassesTotalAgainst,penaltiesCommited,penaltiesTaken,penaltyGoals,penaltyGoalsConceded,possessionLost,redCards,redCardsAgainst,rightFootGoals,saves,shots,shotsAgainst,shotsBlockedAgainst,shotsFromInsideTheBox,shotsFromInsideTheBoxAgainst,shotsFromOutsideTheBox,shotsFromOutsideTheBoxAgainst,shotsOffTarget,shotsOffTargetAgainst,shotsOnTarget,shotsOnTargetAgainst,successfulDribbles,tackles,tacklesAgainst,totalAerialDuels,totalCrosses,totalDuels,totalFinalThirdPassesAgainst,totalGroundDuels,totalLongBalls,totalOppositionHalfPasses,totalOwnHalfPasses,totalPasses,totalPassesAgainst,yellowCards,yellowCardsAgainst,yellowRedCards,home,draw,away,id
1,-268,87,1318,-616,328,-192,1645,-796,-14,9,16,0.31425559222580013,0,9,-9,7,-6,3,-2,0,-66,35,-1,24,-26,-12,-45,-4,-22,-26,-74,-1,-2,-1,0,0,0,1,0,0,6,-7,9,-1,9,-60,0,-1,-3,-16,-1,-26,1,1,-14,52,0,16,-17,-721,1,-165,-1,-1,0,-1,-134,1,-1,7,-7,50,-36,-8,37,-26,13,-10,10,-13,17,-15,-6,-15,-13,-45,35,-147,-336,-102,63,1329,227,1521,-841,-9,-4,0,0,1,0,10012266
14,-218,101,618,-107,-184,241,420,137,24,3,3,0.15152243589749936,0,-5,-3,-1,-2,-5,2,2,-64,69,-2,12,-12,-3,-30,-40,-3,-4,-16,0,1,1,0,-1,-2,-3,-8,1,4,-4,-4,3,0,-40,-1,0,-1,13,-5,-5,2,-1,-55,-35,0,-9,-4,-182,0,235,-1,-3,-1,-1,-37,0,1,1,4,35,-11,-7,13,-21,22,10,11,-1,8,-3,-22,2,-41,16,53,-77,-254,-93,102,696,-242,401,83,-6,-4,0,1,0,0,10012268
-13,-243,-102,-1075,-407,-1163,-595,-2225,-999,-46,-7,-10,-0.0572796934866,0,-23,-2,-14,-2,-14,-3,-3,-42,-63,0,-16,-6,-3,-48,-115,-61,-30,-201,1,-1,-1,-3,0,0,0,-40,0,-3,-2,-9,-1,-12,-155,-4,-3,-1,-42,-36,-22,0,-4,-98,-238,-4,-15,-4,-650,0,-746,0,1,1,0,-561,-1,0,-2,-5,-52,-31,-8,-49,-18,-3,-13,-18,-16,-25,-7,-67,-45,-78,-73,-47,-375,-349,-302,-191,-1389,-1231,-2573,-1348,-7,-5,-1,0,0,1,10157522
-3,289,-5,503,508,359,744,865,1230,-37,6,-5,-0.09965140380630011,0,9,6,10,10,9,3,1,53,6,1,11,34,22,63,40,10,9,33,0,1,0,1,-1,3,3,-5,0,0,8,0,3,5,70,0,5,2,19,0,35,0,1,-21,-14,2,-11,23,528,0,812,0,-1,-1,1,94,1,1,2,6,45,45,14,18,26,27,19,14,15,16,16,21,10,61,-38,-5,100,339,138,-17,509,374,888,1277,4,4,0,0,0,1,10157517
-29,-127,-38,-608,181,-799,687,-1378,865,-36,-2,-5,-0.09363493030650005,0,-5,4,-1,12,-4,-3,-1,77,-37,4,-14,35,3,56,-9,27,34,-89,2,-1,2,0,-1,-5,-6,75,1,0,10,-3,-1,-2,-53,1,4,-1,4,32,1,0,5,154,61,0,-19,3,265,1,627,-1,-2,-3,-2,-53,-2,-1,-10,-8,-30,-10,-22,-8,-16,-22,6,-22,6,-6,6,-31,0,-1,-31,-93,17,-86,48,45,-643,-854,-1404,836,21,-9,-1,0,0,1,10160954
-30,111,-37,-69,199,388,375,349,558,-53,-8,-3,-0.12868967452300062,0,-8,1,-8,-1,-3,-2,1,2,-67,0,-11,11,16,41,27,18,10,-9,0,1,0,-2,-1,-3,-4,-6,-1,-4,2,-6,-2,-9,44,-2,-2,2,-2,10,-7,0,-1,19,-7,0,4,-6,255,0,360,1,1,0,1,36,0,0,-4,-2,-6,-7,3,-14,-5,8,-2,-7,-11,0,1,12,24,12,-87,-92,-22,144,65,-15,-123,444,374,574,0,5,0,0,1,0,10103402
3,-74,17,166,-106,175,65,338,-35,-20,0,10,-0.0008928571429001053,0,1,-1,0,0,2,0,0,-11,17,0,4,-14,-6,-18,-8,0,-9,-23,0,1,1,0,0,0,0,-5,1,1,0,-1,2,1,-3,1,0,-1,-15,-4,-16,0,0,-25,-53,0,2,-2,-166,0,81,0,0,0,0,-24,0,0,0,-9,17,-25,-10,9,-14,8,-11,10,-6,1,-9,-12,20,-12,-34,12,-63,-104,-29,13,193,146,327,-67,-4,-1,0,1,0,0,10157753
-21,-289,-43,-1024,-788,-733,-993,-1736,-1767,-40,-7,7,-0.07766853932580009,0,-15,-1,-11,-3,-10,-3,-4,-32,-105,0,-31,-6,-14,-45,-80,-69,-45,-183,0,-2,0,1,0,0,1,-28,0,-2,-1,-8,0,-8,-143,-3,-2,0,-36,-35,-40,0,-4,-97,-182,-4,-16,-3,-1015,-1,-1084,1,0,0,1,-535,1,0,-1,-7,-41,-48,-13,-37,-23,-4,-25,-13,-28,-18,-7,-56,-64,-59,-85,-98,-357,-380,-272,-114,-1338,-820,-2060,-2054,0,-6,1,1,0,0,10157521
-12,-410,-92,-797,-752,-1059,-973,-1844,-1713,-11,-7,6,-0.07747252747249966,0,-18,-11,-13,-5,-12,-6,-1,-57,-66,0,-25,-23,-12,-65,-65,-67,-43,-133,-1,0,1,-2,-2,-3,-5,-50,0,2,-4,-8,-1,-9,-122,0,-3,-1,-34,-35,-39,0,-2,-57,-108,-4,-9,-3,-998,0,-1063,-2,-1,-1,-2,-455,-1,-1,-7,-20,-77,-61,-18,-55,-35,-22,-26,-23,-19,-40,-24,-46,-65,-39,-38,-70,-287,-546,-249,-142,-1032,-1158,-2120,-1996,-9,-4,0,1,0,0,10157525
-10,-375,-92,-28,-985,-672,-869,-690,-1830,-52,-2,17,-0.05988372093020011,0,-5,-5,-5,-3,-4,-4,-4,-97,-35,-1,-12,-24,-24,-94,-42,-75,-36,-223,1,-1,0,0,0,0,0,-43,0,1,0,0,0,-2,-171,0,-5,-3,-52,-40,-44,-1,1,-99,-166,-4,-8,-7,-1316,0,-917,0,1,1,1,-498,0,0,-1,-15,-17,-65,-15,-11,-34,-6,-31,-9,-34,-4,-16,-24,-90,-57,-103,-23,-412,-551,-309,-165,-273,-780,-1030,-2139,-16,-12,0,0,1,0,10157528
12,266,72,617,473,867,720,1472,1187,-23,3,5,0.03170062695929943,0,13,15,11,12,7,15,0,10,38,1,1,4,6,28,89,79,28,101,-1,2,2,1,0,5,5,-8,0,1,5,5,0,6,124,1,3,-4,21,62,-14,0,0,51,91,2,-2,8,644,2,797,-1,0,0,-1,316,-1,-1,4,-1,17,-14,-12,28,9,-11,-23,-2,-5,14,3,45,75,53,-22,31,178,381,200,131,706,964,1639,1413,-6,2,0,1,0,0,10157518
19,-84,82,930,-187,582,374,1493,184,38,5,8,0.049664192294099685,0,5,5,1,-3,2,-2,0,20,87,0,32,7,3,15,9,-2,-10,97,1,3,0,0,1,3,4,19,0,2,7,4,3,7,59,-3,6,0,-15,56,-18,0,3,84,255,2,-1,11,-21,0,452,4,3,2,4,326,-1,1,7,3,93,-20,-18,55,-12,38,-8,50,-12,21,10,9,20,36,123,71,223,-3,100,140,1154,627,1710,416,1,15,0,1,0,0,10157516
7,307,20,295,664,-9,340,279,1000,74,0,-6,0.020526619258100176,0,-2,2,2,3,2,1,2,50,49,1,1,7,4,27,-5,39,19,110,-3,-1,-1,1,0,2,2,26,0,0,-1,-2,0,-2,36,1,1,0,39,11,24,0,-1,68,210,2,6,0,932,0,449,1,0,0,1,501,0,-2,-2,8,-3,35,14,-12,11,9,24,12,14,-12,8,-16,34,2,166,34,242,452,76,73,572,92,630,1357,5,-9,1,0,0,1,10157540
-12,94,20,179,245,744,424,935,657,12,3,-1,-0.14114774114780015,0,0,10,-1,9,-5,7,-1,21,14,0,13,15,12,31,34,21,25,80,-1,0,0,0,1,1,2,27,0,4,4,4,1,4,68,3,1,2,20,-31,24,-1,2,42,113,2,11,1,407,0,450,0,0,0,0,227,1,1,0,7,16,24,7,9,17,7,7,1,6,2,11,17,1,19,46,5,180,180,134,87,284,796,1075,826,14,6,0,1,0,0,10157545
20,76,118,176,137,1001,-127,1157,2,15,-1,10,-0.17484614031999968,0,-7,8,-6,5,-9,2,-4,12,36,1,19,10,8,27,45,-50,-12,68,0,4,1,0,0,-2,-2,14,0,-3,10,2,0,2,53,0,0,-2,24,14,23,0,0,-44,-20,2,2,2,262,0,-224,0,-1,0,0,152,0,2,2,-4,-3,27,13,-1,18,-2,9,-7,7,1,7,24,-27,42,56,55,158,214,102,138,177,1082,1204,11,11,17,0,1,0,0,10157541
21,45,38,262,274,51,2,292,267,56,-5,0,0.08655357485150006,0,-4,7,-5,3,2,7,1,11,75,1,13,-4,9,22,31,36,6,180,0,2,1,-1,-1,-2,-3,41,0,3,0,-4,1,-3,124,0,1,4,29,43,9,0,1,14,118,2,12,12,466,1,160,1,-1,0,1,510,2,2,-4,2,59,18,0,30,26,29,-8,34,17,16,1,19,64,25,119,86,314,136,195,95,614,111,639,604,12,18,1,0,0,1,10157538
0,358,47,-148,783,-163,896,-311,1659,-18,11,-15,0.07871198568869975,0,7,7,11,6,0,5,-1,62,30,0,25,35,20,58,70,21,2,60,0,1,1,-1,1,4,5,-5,0,0,3,7,3,11,78,1,-1,-2,7,37,28,0,2,108,171,2,-9,-3,902,0,940,0,0,0,0,246,0,0,7,8,22,38,20,13,29,9,9,1,7,7,11,30,22,55,-33,30,96,444,129,21,-59,-108,-197,1784,2,0,0,1,0,0,10157536
-34,-159,-99,-696,-426,-408,-703,-1070,-1107,-45,-2,6,0.07948051948049972,0,-5,-2,0,-2,-1,-1,-1,-40,-58,1,-16,-8,-22,-52,-58,-31,-23,-153,1,-1,-1,-1,0,-1,-1,-53,1,1,-5,-4,1,-3,-108,-1,-2,0,-19,-36,-29,0,-2,-78,-169,-3,-1,-5,-589,-1,-774,0,-2,-2,0,-356,-1,0,0,-10,-70,-38,-4,-38,-25,-32,-13,-37,-21,-10,-13,-44,-26,-47,-82,-91,-309,-236,-227,-146,-914,-457,-1280,-1311,-10,-9,-1,1,0,0,10157546
-15,-226,-93,-1025,-441,-797,-379,-1807,-803,-77,-5,-12,0.1361290322580997,0,-8,-12,-3,-7,-3,-8,-1,-48,-116,-3,-32,-13,-17,-43,-111,-83,-50,-232,-1,1,-1,0,-1,-1,-2,-58,0,1,-5,-8,0,-8,-155,-3,-5,1,-40,-53,-33,0,-2,-88,-246,-4,-10,-4,-787,0,-492,-2,-2,-2,-2,-678,0,-1,-2,-15,-65,-50,-7,-39,-31,-26,-19,-28,-20,-25,-23,-69,-55,-73,-152,-94,-486,-400,-334,-188,-1381,-922,-2209,-1236,-4,-9,0,1,0,0,10157531
-17,-336,-87,-672,-699,-844,-639,-1499,-1324,-80,-7,2,0.03966547192360004,0,-15,-9,-9,-8,-6,-7,-1,-58,-59,-2,-12,-22,-14,-51,-28,-59,-31,-177,0,-2,0,0,0,-2,-2,-56,0,0,-4,-10,-2,-13,-97,-3,-6,1,-32,-42,-40,0,-4,-90,-249,-4,-4,-14,-982,0,-770,0,-2,-2,0,-533,-1,-1,-5,-4,-60,-52,-16,-40,-29,-20,-23,-20,-26,-26,-10,-11,-52,-19,-148,-51,-345,-488,-197,-169,-1018,-929,-1896,-1701,-11,-13,0,0,1,0,10157537
-6,1263,-89,-3440,2374,-1441,1058,-4875,3402,-13,-25,-16,-0.3740867848600997,0,-43,37,-35,27,-20,12,-8,120,-81,2,-40,63,30,166,-24,89,58,12,-2,-1,1,6,1,-6,-5,-14,-1,-6,40,-32,-6,-37,25,-6,-5,4,22,-35,154,1,-14,196,139,1,-7,-12,2616,1,1051,6,-5,-5,4,203,0,0,-18,29,-110,190,56,-95,133,-15,57,-25,64,-58,70,-39,27,-27,92,-72,133,1339,41,50,-3307,-1410,-4645,3501,3,-10,1,0,0,1,9576461
-11,-575,-57,1443,-1760,673,-209,2127,-1979,25,4,9,0.08685148577740076,0,17,-2,13,5,13,-1,3,19,71,0,44,15,10,47,28,-34,-6,48,-4,0,-2,7,0,-6,-5,47,-1,5,-5,5,-1,4,23,0,1,1,63,54,-48,0,1,60,186,1,-7,10,-1563,-1,42,-4,2,2,-3,511,0,-1,3,7,41,-57,-38,28,-22,13,-35,4,-24,30,5,27,-17,19,108,45,195,-571,87,-31,1785,722,2462,-1568,-13,-3,0,0,0,1,10144889
-10,-28,150,1271,-287,1525,-441,2806,-700,-172,-9,7,0.18677407212219954,0,0,-17,-7,-18,3,-6,6,-42,15,-2,4,4,-28,-11,31,47,32,-70,-1,0,3,-2,-2,-5,-7,-68,1,-5,-27,-10,6,-3,102,-5,3,-7,-6,34,-41,0,2,-168,-355,0,17,8,-385,-1,-644,1,-1,0,2,-296,-1,1,-1,18,-17,-45,-16,-14,-25,-3,-20,-9,-21,-11,-8,49,58,-48,-348,-34,-323,-67,25,184,897,1738,2669,-1018,-2,15,-1,1,0,0,10144893
-8,-293,102,261,-746,1476,-1101,1745,-1835,-90,-10,9,-0.10509863776849926,0,5,20,-1,19,4,3,-5,-17,-9,1,-4,-25,-12,-87,78,102,53,-81,0,2,2,7,-3,3,0,46,1,-3,24,-7,1,-8,9,-2,11,2,52,39,65,0,8,-135,-57,1,16,6,-631,0,-1104,0,2,2,2,455,-1,1,-12,35,72,82,15,31,42,41,40,31,8,18,59,16,80,46,-63,33,92,-127,155,183,393,1734,2094,-1648,19,-8,-1,0,0,1,10144887
-28,-293,21,706,-905,-512,-121,222,-1051,-16,0,4,0.00297003065160073,0,15,3,8,-3,7,3,1,-17,23,0,-4,-10,25,14,51,89,44,120,-1,-4,-1,1,1,2,3,36,1,-1,-6,9,0,8,136,-4,-1,-6,-50,-1,-4,-1,0,-45,-38,0,22,0,-1097,-3,-99,1,3,4,-1,43,5,5,12,-8,-10,-11,8,4,10,-14,-21,-19,-8,8,-11,37,85,46,-42,-27,220,-488,262,-70,660,-581,106,-1210,7,-6,2,1,0,0,10089497
-14,286,-136,-209,394,-420,-31,-615,329,-89,6,-3,-0.02944440236319945,0,5,-11,-6,-9,-1,-7,-4,48,12,-1,-3,11,34,67,37,117,42,28,0,2,-2,1,1,6,7,-50,0,4,8,10,3,14,117,4,-9,-8,-25,46,44,0,7,-3,-48,0,3,-3,336,3,5,0,5,3,1,54,4,0,2,2,56,65,14,40,44,16,21,18,43,28,8,31,60,9,-149,-55,-35,247,114,-159,-209,-425,-579,274,5,16,2,0,1,0,10089498
9,-1059,176,2252,-1813,1747,209,3990,-1553,-49,21,12,0.15789885297189965,0,41,-34,33,-24,17,-22,0,-127,81,-2,34,-32,-51,-149,82,-65,-49,36,0,3,2,-2,5,9,13,-17,0,-4,-4,22,3,27,85,4,-1,-8,-43,61,-111,0,6,-43,32,0,23,-23,-2058,2,232,-3,-3,-2,-3,-265,2,1,15,-46,77,-132,-18,71,-93,6,-39,25,-61,46,-53,75,-33,51,-227,-67,-156,-1235,71,13,2084,1674,3825,-1677,1,1,0,1,0,0,9603129
-2,129,4,228,120,391,188,621,320,34,6,0,0.09258012820510064,0,26,-41,17,-36,15,-29,3,79,-67,-1,-2,7,-12,79,-81,-15,-39,-65,0,-1,-2,-4,-1,1,0,-13,-1,-3,-15,9,-2,9,-99,1,-9,-2,-74,23,-9,0,4,4,12,0,22,-32,146,-1,79,-1,2,1,-1,-321,-1,6,3,1,-12,10,13,20,-25,-32,35,-9,12,2,-15,-53,-41,-65,-63,-145,-274,-17,-211,-27,122,301,568,146,13,11,2,0,1,0,9594674
13,-881,162,2937,-1811,1942,-1628,4866,-3391,-15,33,19,0.2728679322909997,0,55,-23,47,-13,28,-12,6,-201,68,-1,22,-57,-48,-211,232,-37,-54,134,-2,0,3,-3,4,0,4,-31,0,0,-20,33,5,38,149,3,11,-3,-41,47,-71,-1,9,-213,-246,0,11,13,-2233,-1,-1516,-8,1,1,-7,-74,-3,2,26,-13,33,-100,-24,58,-79,-25,-21,-11,-43,65,-33,141,5,137,-139,11,80,-1138,219,-13,2909,1755,4653,-3538,-19,-1,0,0,1,0,9620008
-106,1166,29,-5304,2274,-480,1000,-5678,3172,-69,-25,-18,-0.45718918918919993,0,-58,57,-40,41,-40,38,-15,318,-387,3,-105,117,102,332,-141,128,91,-124,3,-1,4,-1,0,1,1,44,1,-3,43,-33,2,-33,-55,-8,-5,13,-2,-114,160,0,-17,144,-176,0,-23,29,2550,0,698,2,-2,-1,1,-385,2,2,-5,51,-260,218,47,-227,161,-33,57,-93,75,-85,96,-98,35,-77,45,-334,53,1362,8,257,-5781,-263,-5710,2916,9,-5,1,0,0,1,9564382
-5,802,279,62,550,450,-1473,517,-939,-103,-15,4,-0.06791063342789982,0,-33,11,-25,6,-17,5,-11,34,-59,-2,-30,30,16,55,51,-67,-47,-175,0,-5,3,4,-1,0,-2,-120,1,-3,23,-20,-3,-25,-72,-3,-1,5,-52,13,141,0,-3,-117,-401,-1,13,-8,251,1,-1664,-3,-2,-2,-2,-437,2,6,-17,48,-43,132,17,-66,79,23,53,-1,47,-26,68,35,-112,-86,-123,-71,-441,621,-318,303,-204,369,236,-1468,-13,13,1,0,0,1,9564986
9,-117,-4,177,-261,-47,-219,121,-477,3,-2,12,0.03083333333329996,0,-1,-3,0,-4,0,-3,0,-25,58,0,25,-7,-3,-17,9,-7,-15,11,1,0,-1,0,1,1,2,-14,0,4,-1,-3,0,-3,8,0,0,1,-28,8,-10,1,-3,-21,11,0,-1,7,-338,-1,-196,0,0,0,0,-8,0,0,0,-1,7,-11,0,5,-4,2,-7,0,-10,0,-1,12,-13,0,-2,46,-20,-168,-18,-35,238,-94,98,-517,-4,6,0,1,0,0,10048580
6,-129,32,164,-181,198,-54,356,-236,7,0,12,0.23095238095239967,0,2,-2,-1,-1,0,2,1,-9,28,0,1,2,1,-10,14,-22,-11,25,-1,1,-2,0,0,0,0,-8,0,-1,-5,1,0,1,18,-1,0,1,-7,-3,-5,0,1,-43,-50,0,3,0,-205,0,-56,0,2,1,0,54,0,0,1,0,3,-14,-1,8,-9,-5,-5,-5,-7,5,-6,12,-10,14,6,31,18,-135,12,48,167,211,347,-251,-4,2,0,1,0,0,10048595
6,47,3,98,1,-72,-115,20,-121,18,0,3,-0.040000000000000036,0,-2,3,-1,2,0,1,0,-1,-3,0,-1,5,7,10,24,-19,-7,25,1,-1,1,-2,0,0,0,-3,-1,-4,2,-4,0,-4,7,0,5,0,2,10,8,0,0,-2,-10,0,4,5,12,0,-148,0,-1,-1,0,2,0,0,-4,6,9,21,1,11,16,-2,5,3,12,-1,8,9,-12,11,16,16,26,53,10,8,73,-59,-2,-146,-2,-3,0,0,0,1,10048590
59,-1579,-93,-272,-3213,-2393,-1615,-2724,-4760,374,-6,4,-0.017672278396100083,0,18,13,14,3,19,11,-1,-219,366,-2,49,-35,-68,-296,-23,44,20,366,5,-1,-1,5,-2,0,0,65,0,4,-4,-11,-3,-12,-8,-6,2,-7,59,0,-143,2,-7,-88,321,-1,-10,27,-2970,-2,-1249,0,0,0,-1,1060,6,-2,0,-67,131,-162,-29,122,-96,9,-66,78,-61,14,-72,-24,29,-38,567,270,592,-1404,25,9,652,-2451,-2069,-3923,5,-10,1,0,1,0,9591928
13,141,261,1795,47,2732,-1139,4514,-1089,-105,2,12,0.1123919252553005,0,9,-26,9,-21,6,-14,0,129,64,-1,9,-30,-3,8,-52,-59,-27,-206,2,4,6,1,1,6,7,-87,0,1,-8,4,1,3,-101,-3,-2,5,-66,12,-9,2,3,-86,-237,0,6,-41,-86,2,-1269,-4,-2,-1,-5,-243,-5,-2,5,-21,35,5,34,38,-38,-3,43,19,2,4,-31,-41,-37,25,-224,99,-403,72,-179,270,1583,2790,4274,-1363,-19,12,-3,1,0,0,9604137
37,-617,175,1037,-853,1384,-50,2384,-857,-77,21,9,0.17623181716909997,0,27,-25,21,-23,18,-11,3,-254,-56,-1,18,-39,-46,-131,92,30,12,46,-1,5,2,2,-2,0,-2,7,2,12,-10,19,3,23,123,6,1,-3,13,46,-70,0,11,-165,-181,0,4,-9,-1071,1,-44,2,0,1,0,-170,-1,0,5,-22,155,-80,-15,91,-59,64,-21,78,-32,51,-33,43,19,69,-254,-3,-39,-804,215,95,949,1308,2260,-984,-3,8,-2,0,1,0,9595192
-52,-22,-106,-863,399,-2018,262,-2829,662,205,1,-8,-0.09032042541590002,0,3,13,0,11,3,2,0,2,159,-1,-14,-9,-1,-32,-54,116,72,190,-2,0,-3,-1,1,0,1,61,0,-8,-1,1,-2,-2,-15,1,-5,5,46,-3,-19,0,8,33,325,0,-6,21,727,-1,518,2,-3,-2,2,743,-1,-2,-10,11,-59,-39,-20,-33,-13,-26,-26,-38,-30,-6,11,-46,21,0,400,-99,515,109,115,82,-186,-2055,-2142,1277,21,-15,0,1,0,0,9595170
-37,64,115,427,819,1350,1319,1814,2110,-71,8,0,0.0588886849029997,0,5,11,16,8,3,7,-3,-111,-62,1,6,45,28,51,192,21,24,27,-2,0,3,4,1,1,2,-139,1,-7,4,1,2,3,98,-1,0,-2,-21,-37,51,-1,11,-230,-572,0,-16,-33,357,1,1036,3,-6,-5,0,-754,-1,-4,-7,19,-40,74,36,-21,41,-19,33,-5,15,-28,23,89,0,62,-239,-99,-189,-172,50,-125,-121,1263,1241,1342,-29,8,-2,0,1,0,9672139
-9,-122,70,167,-792,-516,-1151,-340,-1942,115,12,3,-0.0718967058661999,0,19,-11,10,-17,14,-9,-2,-40,180,-1,45,-2,-1,16,-57,6,8,118,4,2,0,1,3,3,5,111,0,4,9,13,0,13,3,6,-2,-4,-73,22,-35,0,-3,104,351,1,13,-16,-618,3,-970,2,1,1,2,572,-1,0,10,-27,93,-18,7,71,-21,22,3,37,-3,31,-22,-40,-11,1,111,36,223,-99,112,321,639,-518,85,-1604,7,23,0,1,0,0,9567875
44,-683,122,-188,-1277,547,-631,315,-1856,36,4,4,0.026161699711200193,0,10,-6,12,-7,10,0,1,-24,-3,-2,13,-22,-52,-71,26,29,15,115,-3,0,0,-1,-3,1,-3,16,-1,-2,-5,1,-3,-1,79,0,0,-5,11,-29,-111,0,-8,18,95,0,-63,48,-1246,-1,-487,-3,-1,-1,0,262,0,0,5,-36,54,-113,-18,38,-59,16,-54,51,-54,3,-41,19,73,3,95,81,220,-709,125,338,112,597,628,-1662,-1,-8,2,1,0,0,9567876
37,955,-115,-3391,2090,-2002,976,-5430,3033,-14,-11,-15,-0.11077493070869959,0,-36,0,-22,6,-16,-9,-2,195,-28,1,-18,61,33,181,-219,-16,-7,-153,1,1,2,0,-2,-4,-6,46,-2,-6,14,-25,1,-23,-139,7,-8,1,31,-129,92,-1,-19,146,-162,-1,-10,19,2085,0,736,4,-10,-10,5,-525,0,1,-12,11,-110,104,41,-87,46,-23,58,-39,35,-49,28,-106,-6,-260,-51,122,-414,956,-363,123,-3516,-2012,-5650,2640,25,-13,-1,0,1,0,9567877
14,100,65,320,-15,255,521,561,515,11,15,0,0.11746144664019997,0,18,-41,12,-35,6,-34,2,103,-121,0,-41,-6,-9,141,42,-23,-29,60,-2,-5,-1,-2,0,5,5,59,-2,-4,-6,20,-2,15,49,8,0,-3,27,53,-88,0,3,305,335,0,-11,-2,69,0,537,-3,2,1,-2,-169,0,3,8,-22,-1,-72,0,28,-70,-29,-2,4,-44,6,-28,9,-16,38,-69,-110,42,116,111,75,19,364,493,465,2,8,0,1,0,0,9567878
-14,-623,152,1834,-936,1644,-851,3492,-1743,128,10,9,0.22419203376420072,0,17,-23,13,-13,9,-12,7,-54,20,-1,-9,-32,-44,-91,-63,-122,-76,-11,-2,0,-4,-2,-1,1,0,-66,0,-1,-34,14,-4,13,-139,10,11,-4,-41,3,-135,-1,-2,-77,80,-1,22,-26,-1047,-4,-682,-3,1,1,-2,-128,0,1,2,-24,3,-166,-32,5,-117,-2,-49,13,-80,23,-54,-30,-112,-36,99,13,-217,-843,-316,75,1864,1604,3455,-1638,-16,5,-1,1,0,0,9567879
-7,-831,97,2,-1713,633,-1082,642,-2769,5,-6,6,-0.009023261065899568,0,-16,6,-19,6,-16,7,0,-138,22,-2,47,-28,-26,-133,62,26,-29,40,0,5,2,0,-3,-3,-6,-22,1,-1,-8,1,1,-2,35,-4,-3,-1,-46,-20,-33,-1,8,-97,43,-1,2,25,-1812,-2,-1035,3,1,2,3,119,1,0,-2,14,22,-43,-21,-9,-22,31,-21,-10,-30,19,8,49,2,6,38,-2,26,-919,-12,230,115,591,708,-2714,-2,-12,2,0,0,1,9567882
-36,638,150,52,1045,-375,-1097,-287,-79,-139,5,-1,-0.011108548762800652,0,-7,7,-2,7,-6,5,-2,99,-112,1,-27,34,27,106,135,0,-16,-52,-3,-3,-2,-2,1,2,3,-16,2,4,6,2,0,3,87,2,-7,3,64,25,30,0,-3,-131,-389,0,11,31,1115,1,-1362,-1,-2,-1,-1,-211,1,-1,2,42,-76,51,15,-76,24,0,27,-9,-12,-17,48,59,48,106,-261,-27,-99,711,162,118,-323,-368,-664,-353,-1,-14,1,1,0,0,9567880
-30,1011,-54,-1336,1868,-726,1003,-2032,2820,-82,-11,-10,-0.13833051627710002,0,-5,1,1,-2,4,3,-6,109,-28,-2,-38,10,51,202,16,139,108,58,0,-4,1,0,-2,-2,-4,35,-1,-1,11,-17,-1,-19,140,-5,-10,4,135,-43,85,0,-9,32,-369,0,11,2,1922,0,980,2,-2,-2,1,-29,0,-1,-4,36,-172,89,13,-109,62,-63,27,-75,31,-65,45,23,125,15,-70,-26,226,1023,296,-24,-1410,-789,-2173,2700,3,-13,0,0,0,1,9567881
-1,-95,-18,-276,-321,-48,-190,-323,-515,34,-3,1,-0.2138285024154003,0,-1,5,-3,1,1,0,-2,-2,2,0,4,7,4,-3,9,12,-11,54,0,0,0,-1,-1,-5,-6,17,-2,1,5,-3,-1,-4,20,1,1,-1,1,7,7,0,-2,28,74,0,1,8,-330,0,-135,3,0,0,2,67,0,0,-3,6,-23,4,3,-5,18,-18,-14,-4,-10,-14,11,-4,14,13,55,-8,92,-135,37,-37,-216,-46,-254,-462,3,5,0,0,0,1,10100390
-54,362,-136,-809,512,-993,628,-1748,1108,-101,3,-7,-0.08520330578510027,0,10,20,8,18,7,13,-5,30,-49,-3,-15,41,32,72,41,-18,-24,36,2,1,0,1,1,3,4,-63,1,21,17,1,-1,-2,137,-7,10,7,-49,-63,96,0,0,81,-55,0,18,10,470,0,479,1,1,2,3,-142,-3,-2,8,30,-40,90,5,-44,84,4,6,-39,41,-5,44,54,-1,28,-158,-160,-80,328,78,-309,-969,-1054,-1865,877,-17,-3,-3,0,0,1,9578947
1,-204,102,-408,-475,378,-878,-31,-1327,-34,-4,4,0.036612684013200614,0,-3,4,-9,2,-10,5,-3,-96,11,1,-22,-6,-26,-67,-159,-133,-101,-135,0,0,-1,0,-1,-3,-4,-58,0,-5,-3,5,-3,0,-101,2,0,-6,23,-66,-16,1,-7,-88,-206,-1,0,28,-712,-1,-971,-2,8,6,-2,-453,-2,1,8,2,-53,-19,-3,-19,-13,-34,-6,-26,-17,-10,1,-94,-77,-109,-108,-14,-473,-282,-365,187,-570,338,-218,-1616,-11,11,-1,0,0,1,9584846
-30,715,-107,-1711,1468,-539,943,-2220,2362,32,-2,-11,-0.10338921282799962,0,-8,4,-10,4,-8,2,-1,211,-96,-4,-62,64,49,183,-32,39,51,-30,-1,-1,-2,-2,0,-5,-5,-6,0,-8,8,-2,1,-1,-62,-1,-7,-6,-24,-78,77,-1,-4,39,-38,1,8,0,1801,1,925,-2,1,1,-1,102,-1,2,2,20,-74,97,40,-36,43,-38,54,-30,34,-28,23,-34,32,-6,169,-41,133,906,-36,-11,-1722,-483,-2164,2543,-16,-9,2,0,0,1,9584843
-35,-551,83,796,-976,1235,-340,2066,-1287,-93,2,9,0.030918347783500444,0,18,6,5,2,12,6,1,-131,11,2,18,-32,-29,-141,65,-52,-18,-113,-2,5,1,5,2,6,7,6,0,2,-4,6,1,8,-20,0,5,-4,-52,45,-37,0,-3,-9,78,0,-5,25,-1161,1,-359,0,2,2,1,4,0,-2,11,6,-4,-44,-20,20,-34,-24,-10,-7,-34,10,10,43,-31,23,-131,-22,-138,-593,-7,24,823,1195,2067,-1379,4,0,-1,0,1,0,9555027
-5,354,87,410,773,1257,316,1672,1030,0,-7,1,0.027723300848600196,0,11,19,8,10,4,13,8,133,-18,2,1,59,59,172,-18,-22,-25,179,-1,1,-2,0,0,2,3,29,0,2,-4,-9,2,-6,179,-2,10,-9,-66,56,95,1,-3,-72,-80,3,14,11,1039,1,460,4,0,1,2,483,-2,0,-2,-4,6,108,61,-32,81,38,27,-25,54,-5,-7,50,56,42,64,4,292,503,228,27,665,1358,2019,1327,-8,7,0,1,0,0,9591655
13,-214,-163,-82,-174,-1185,388,-1280,240,57,7,-5,-0.0003424657534001341,0,2,-8,-2,-5,-3,-10,0,-66,67,-2,-12,-3,-26,-102,48,-2,21,80,0,1,0,1,-2,-8,-9,-15,0,-2,-3,9,-1,8,23,3,-4,3,-64,-8,-46,0,10,-64,-60,0,11,-20,-306,0,484,-3,0,0,-4,153,-1,-1,-6,-5,40,-47,-23,39,-53,1,6,13,-15,7,-9,33,9,22,108,73,161,-266,53,-176,-14,-1242,-1329,280,-10,-4,-1,0,0,1,10181868
4,114,17,400,228,598,257,994,462,19,-1,4,-0.0778243931675,0,3,2,2,3,3,2,0,34,48,1,16,17,23,56,32,25,19,72,-1,-1,0,1,-1,2,1,22,0,0,4,0,-1,-1,53,1,-2,1,26,34,31,0,0,36,93,2,4,2,378,1,322,0,1,0,0,269,1,0,-2,12,20,38,11,20,34,0,4,5,11,0,16,25,10,17,62,35,172,180,110,34,538,655,1158,644,5,1,0,0,0,1,10094424
-23,286,41,81,138,-513,132,-409,234,9,5,-3,0.03650504650700004,0,1,-22,0,-21,5,-13,3,31,-62,-1,-22,44,36,140,-21,-29,-22,-79,0,0,-1,2,1,7,8,-22,1,5,-16,-9,6,-4,-88,-1,0,-3,-91,-23,30,0,7,-37,-16,-1,38,-12,159,-5,185,-1,-2,-2,-3,-150,0,0,-9,6,26,24,16,0,7,26,17,20,14,0,-6,-4,-31,-17,51,-87,-92,181,-143,87,25,-591,-479,204,-13,-12,-1,1,0,0,10089499
8,125,-76,-1001,55,-429,-646,-1438,-597,78,-10,-3,-0.07609086389529995,0,-12,2,-4,6,-7,-2,0,124,-34,-2,-38,15,6,70,-103,-79,-30,-66,5,0,-1,1,-2,4,2,14,0,-12,7,-7,-6,-15,-144,3,-1,1,-21,-70,5,-1,-16,-39,49,-1,32,-3,174,0,-627,-4,-2,-1,-3,-90,0,-1,0,5,-65,29,0,-19,10,-46,19,-15,18,-33,11,-73,-36,-71,155,-5,-78,147,-233,-21,-1039,-408,-1442,-523,-14,-24,-1,0,1,0,10089500
7,-41,2,141,-288,-156,-180,-22,-466,27,2,4,0.16785714285710007,0,2,3,4,4,3,1,0,3,23,0,2,2,-2,15,36,30,7,68,-1,0,0,0,0,-1,-1,12,0,1,-1,0,0,0,41,0,2,0,8,-16,1,0,1,-3,25,0,-2,3,-269,0,-178,-2,-1,-1,-1,96,-1,0,-1,4,6,2,-4,5,-8,1,10,7,3,-2,3,10,26,12,33,19,104,-56,71,10,202,-147,36,-462,3,1,-1,1,0,0,10075306
-3,1,62,-30,67,-147,59,-174,121,-7,0,-2,0.10079365079359981,0,0,-3,0,-3,0,-3,1,-12,-4,0,-3,-3,5,-4,-4,-2,3,4,0,0,1,0,0,0,0,-9,0,1,-2,2,0,2,11,0,0,-1,-3,3,-7,0,3,9,-19,0,-1,-3,52,-1,39,0,3,1,0,-49,0,2,-1,-5,3,-10,-3,1,-10,2,0,-5,-1,4,-6,0,-2,-8,-7,-14,-9,-2,-2,68,-67,-129,-182,95,-3,-2,0,1,0,0,10075305
24,14,-16,683,24,-576,364,83,398,-32,8,-1,0.1786346153845999,0,10,-13,7,-6,3,-6,4,-30,137,-2,38,-20,-10,-72,-29,-44,-49,-58,1,-2,-1,-3,-3,0,-2,14,-1,0,-5,13,-5,7,-26,1,3,-3,18,45,10,-1,2,35,33,0,30,-34,-36,0,451,-2,5,3,-2,231,0,1,6,-1,69,1,10,52,-16,17,17,35,-1,12,-8,-18,-9,-22,-21,139,-104,-44,-83,-26,916,-627,150,487,3,-1,0,0,1,0,10181926
14,-126,94,772,-206,353,-25,1111,-219,-25,4,11,-0.022981614708200482,0,-5,9,-3,2,-3,4,-1,-30,33,-2,13,-10,-12,-21,52,22,8,44,0,-1,1,-1,1,2,3,41,0,4,4,0,0,1,69,1,1,2,8,31,-22,0,0,7,44,1,-3,18,-218,0,78,4,-1,-1,3,210,-1,0,-1,-26,23,-26,-14,5,-14,18,-12,2,12,19,-24,36,21,28,-11,54,128,-118,139,112,843,401,1190,-119,3,5,0,1,0,0,10020105
-5,-17,-62,-107,24,68,267,-34,293,-7,-1,-3,-0.05888157894740065,0,2,-2,1,-1,-2,-4,-1,34,-10,-1,-3,17,-2,21,-25,15,0,-7,2,0,2,-1,0,-2,-2,-6,0,-3,4,3,-2,0,0,3,2,1,4,-45,-16,0,-1,36,32,0,-9,8,56,2,284,-1,2,1,-1,-94,-2,2,0,-11,-8,-14,-1,0,1,-8,-15,11,-3,-4,-10,-17,5,-44,-50,-5,-98,6,-48,-62,-151,80,-66,319,4,5,-1,0,0,1,10020106
17,-183,20,428,-411,33,-614,444,-1015,-80,0,13,0.25457501847740005,0,3,-10,1,-6,6,-3,1,-91,75,0,28,-19,-10,-69,0,-42,-33,-103,-2,-3,2,0,2,6,8,-34,0,-4,-9,-1,0,-1,-23,0,0,-2,-52,-5,-26,0,1,-88,-111,-1,1,16,-643,0,-618,-2,2,0,-2,-137,-2,2,-2,-3,52,-37,-5,39,-19,13,-18,13,-20,20,-12,5,-6,0,-133,63,-221,-281,-88,-32,409,-22,324,-1192,-4,-7,-1,1,0,0,10020109
6,44,-4,-179,34,-530,39,-715,53,4,2,-11,-0.12171929824560035,0,3,3,2,5,1,1,-2,52,-2,0,8,-2,20,45,-19,-20,-17,-46,1,0,1,0,0,2,2,19,0,0,4,3,1,4,-50,0,-2,2,-12,7,16,1,2,41,38,0,4,6,78,0,110,-1,1,1,-1,102,-1,-2,2,2,9,10,2,3,7,6,3,7,2,-7,6,-13,-23,-11,26,-2,-38,58,-64,56,-120,-532,-650,143,1,4,-1,0,1,0,10067345
-10,62,11,-11,96,113,-73,112,19,-18,4,-1,0.1800961538461996,0,4,-5,4,-6,1,-2,1,37,-27,0,-4,8,4,42,-2,4,6,13,1,0,0,-1,2,1,3,-28,0,2,-3,4,1,4,31,1,-3,0,8,7,15,0,2,-21,-61,0,-4,-1,118,1,-132,-1,1,1,-1,-93,0,0,2,0,-14,31,23,-5,4,-9,27,-6,12,1,-4,10,3,-8,-31,-44,-33,78,-2,-3,-111,122,55,-56,-2,9,0,0,0,1,10067323
-20,818,-136,-2278,1299,-128,-304,-2386,988,-18,-31,-6,-0.25611315781589994,0,-68,2,-43,-4,-25,-6,-8,103,-183,1,-61,58,7,139,-44,50,11,134,-1,-5,3,-6,-3,-19,-21,15,-1,5,12,-44,-2,-45,152,-3,2,4,2,-86,64,-4,-29,-121,-320,0,-11,-88,1296,-1,-358,3,-2,-2,2,-241,1,-3,-14,15,-190,102,47,-155,43,-35,59,-45,27,-93,28,-18,128,-26,-16,-113,130,796,146,-168,-2529,-96,-2512,799,19,16,0,0,0,1,9576337
-12,301,-102,89,933,1760,-1116,1861,-198,-50,0,5,-0.0745576644082,0,9,4,2,7,-2,2,-2,37,49,-1,-7,-12,15,7,21,99,52,76,-2,2,-3,0,0,3,3,24,-1,-4,9,11,-2,8,126,-2,2,-3,-12,79,-41,0,6,-27,-4,2,-17,16,1103,1,-1163,2,5,5,2,409,2,0,5,19,23,-42,-68,43,-43,-20,1,-14,2,24,24,2,62,55,8,-66,260,445,252,-133,122,2017,2205,-67,2,12,1,1,0,0,9576448
7,-277,177,766,-166,-143,314,616,156,11,7,2,-0.05323201801159971,0,1,16,1,13,4,15,-3,-36,32,-1,8,18,-8,-36,-12,31,16,-10,1,4,2,5,1,1,1,25,-1,2,6,7,1,5,-21,1,-1,3,-31,69,14,1,-5,21,159,2,16,24,19,1,433,1,1,0,-1,452,1,-4,12,30,73,31,-10,42,15,31,16,36,9,4,32,3,17,-6,-4,64,16,-170,20,233,1127,-19,1044,488,10,-13,0,1,0,0,9576426
3,-464,20,-784,-413,212,23,-575,-367,28,1,0,-0.07431622622750034,0,3,10,-9,10,1,8,-1,-95,40,-1,-18,-25,-23,-108,9,-15,9,-46,-4,5,-4,0,4,5,9,98,0,-11,14,2,-5,-4,-74,-2,-2,1,56,10,7,0,0,-107,63,0,-3,-12,-334,-2,77,3,2,-1,2,288,0,-4,-1,6,-27,8,9,9,-15,-36,23,-16,-26,6,25,-32,12,5,-36,-6,-2,-459,34,22,-560,245,-309,-149,12,-19,0,0,1,0,9603142
-11,439,-43,-504,626,-881,-548,-1374,49,7,-4,-3,-0.03434491589549982,0,-10,-4,-15,-6,-6,-3,0,15,19,1,0,-4,29,51,-111,-10,2,-54,-6,-4,1,3,2,-2,-1,-17,0,0,4,-7,5,-1,-61,-1,-3,0,11,-36,46,-2,-4,-17,25,0,-6,-12,684,2,-418,-1,2,1,0,154,-2,6,3,10,44,38,0,13,24,31,14,22,25,3,13,-64,-13,-58,145,-37,12,411,-133,110,-192,-922,-1077,215,-2,11,-1,0,0,1,9603138
10,-20,-70,564,-425,371,-3,925,-421,-117,17,3,0.08483391608399948,0,27,9,30,5,13,9,1,-26,-47,2,36,32,-7,55,93,-205,-157,-173,2,-2,3,-3,4,1,5,-9,0,-6,-5,13,0,14,-56,4,-2,2,-13,-25,-20,0,0,-69,-186,0,13,71,-790,0,-112,0,-1,1,2,-581,-1,-1,9,-13,50,-16,2,84,-12,-34,-4,6,-2,27,-16,62,-107,38,-305,-113,-480,-226,-175,-212,78,215,406,-957,-8,-12,-1,1,0,0,9603130
-16,-197,-29,183,40,625,1423,824,1469,114,-6,0,0.028110358556100223,0,-20,-6,-14,-1,-7,0,1,-26,-116,-1,-36,-1,-6,48,-107,12,-7,23,0,-1,1,2,-1,-5,-6,-64,0,10,-11,-12,-2,-15,-91,-2,0,11,93,57,-51,-1,-4,197,246,0,5,21,216,-2,1559,-2,-4,-4,-3,146,-2,-1,-8,-20,-9,-54,-12,-36,-39,27,-15,8,-11,-33,-31,-66,42,-29,192,-106,5,-227,-187,-42,232,687,1025,1727,-13,-12,-5,0,1,0,9603157
42,-98,-62,-1070,150,-1264,1219,-2376,1369,51,-1,-7,0.003479411088100015,0,16,-13,6,-11,12,-1,3,-24,43,-2,2,-4,0,-49,-223,-2,1,-150,1,3,-4,2,2,4,6,27,0,-2,-14,2,0,1,-201,-2,6,-1,34,-7,-61,1,0,161,225,0,6,9,288,2,1235,-2,2,3,-2,109,-1,2,5,-20,-14,-84,-32,6,-44,-20,-40,3,-15,-4,-37,-106,-37,-184,235,127,-129,-31,-364,21,-665,-1286,-2078,1572,2,-12,0,0,1,0,9594330
28,183,-38,-2801,448,-1117,1296,-3946,1704,48,-22,-10,-0.19889369889370023,0,-52,16,-42,11,-33,12,-1,115,-121,1,-15,24,40,86,-273,-49,-36,-216,1,-5,-5,-7,-4,-11,-14,94,-1,-2,9,-23,-3,-28,-264,3,2,4,-57,-109,65,-2,-10,130,75,0,-5,13,538,0,1165,2,-3,-3,0,-152,-1,3,-19,21,-161,68,11,-100,62,-61,6,-35,26,-90,31,-214,-47,-145,198,53,-168,224,-366,142,-2860,-1010,-3923,1617,34,-1,0,0,1,0,9594562
4,-216,-152,11,-88,-828,962,-821,861,47,7,-4,0.06658525771019974,0,7,-9,0,1,-7,3,0,48,60,1,23,14,13,-10,-126,-20,7,-77,3,-1,1,0,-1,-5,-6,-27,0,1,-10,12,-1,13,-124,10,2,3,-36,-10,63,1,-6,120,141,0,-13,2,-218,0,1055,-6,2,2,-3,-95,-3,0,7,18,25,49,21,17,32,8,17,7,20,19,8,-85,-10,-104,134,-24,-102,-279,-236,-153,201,-953,-728,847,-26,1,-1,1,0,0,9594333
7,-472,-12,1543,-1167,1479,-606,3015,-1747,-29,9,10,0.13905927719489952,0,27,-8,18,-2,18,-1,-1,-230,39,-3,18,-40,-26,-128,62,85,49,65,1,0,-3,-1,-1,1,0,-30,-1,-3,-7,9,0,8,94,4,4,0,-60,-18,-9,-1,-1,-95,-16,0,-5,1,-1330,0,-504,-2,2,0,-4,-9,-2,4,6,12,102,-14,-20,69,-8,33,-6,13,3,33,3,49,30,-6,-114,-8,-8,-600,106,-116,1681,1313,3002,-1706,5,23,0,1,0,0,9594327
29,861,-312,-1904,2090,-3225,1060,-5158,3151,144,-19,-16,-0.20441316420319922,0,-33,5,-25,3,-15,-5,-2,50,41,-7,-28,23,-1,22,-151,-37,-42,23,0,-3,-9,1,-1,-5,-6,-18,3,2,15,-23,-3,-29,-121,-3,-3,1,-1,-63,21,1,-5,106,58,-2,-5,-65,2027,1,1105,-2,-4,-4,-2,-19,1,-1,-18,20,-155,35,24,-81,-11,-74,46,-48,-19,-76,30,-104,-2,-89,202,50,-83,827,-285,-304,-1689,-3426,-5165,3110,-18,-5,1,0,1,0,9645087
-39,-15,-45,217,-39,182,-89,438,-135,-114,-6,0,-0.009351921401299812,0,-5,-10,0,-12,-3,-11,3,-3,-64,4,11,13,7,-7,71,47,20,-78,3,-1,2,-1,-2,-4,-6,-4,0,1,-1,-4,1,0,36,-4,-3,9,-28,25,82,1,4,15,-7,0,3,-4,-136,1,-132,2,-2,-1,1,-80,1,-2,-3,19,-10,77,37,-32,65,22,12,-12,19,6,21,34,36,126,-199,-88,-25,-33,174,-62,25,182,295,-261,-6,10,-1,1,0,0,9645084
-12,86,-283,-1699,83,-1633,893,-3320,971,58,-6,-7,-0.16113314901630016,0,-22,27,-12,24,-15,14,-7,42,30,1,-24,33,5,51,-185,64,31,-77,3,-2,1,0,1,-2,-3,-23,0,-2,23,-6,-4,-6,-135,-3,2,4,96,-7,70,0,0,128,201,0,14,12,383,1,940,-2,-3,-2,0,416,2,0,-7,41,-95,105,-6,-55,89,-40,16,-41,47,-37,64,-112,-10,-104,84,62,-136,277,-220,-200,-1214,-1572,-2848,1272,23,-13,0,0,0,1,9645088
13,-789,107,1106,-1052,1264,-6,2357,-1011,42,8,6,0.14108658925170037,0,16,-25,7,-18,6,-15,5,-160,-24,-4,-9,-19,-47,-145,155,-19,-7,223,0,5,2,0,5,12,17,-12,4,6,-24,9,5,14,181,2,0,-13,11,-3,-130,1,12,-172,-268,0,-11,1,-1206,-2,-64,-1,2,-1,1,-263,1,6,0,-31,26,-155,-24,1,-108,25,-47,30,-74,5,-57,92,59,51,27,-74,224,-868,197,27,881,1214,2169,-1125,-3,4,0,1,0,0,9645069
-18,381,94,-1447,481,-470,-937,-1899,-453,-25,0,-3,-0.1189967252538997,0,-25,3,-17,-1,-16,-1,-4,67,-3,-5,-15,35,-3,93,-81,49,62,-10,2,-1,7,-3,2,-12,-10,-33,2,22,19,1,1,3,15,1,-2,5,-74,11,109,0,5,-9,-45,0,-4,-16,611,0,-977,-2,-7,-5,-2,128,3,0,-4,25,3,107,7,-45,50,48,57,-23,63,8,37,-52,-14,-36,48,11,58,425,10,177,-1391,-407,-1809,-459,-5,23,3,0,1,0,9594678
-5,-26,-53,-530,107,1295,-265,770,-166,-120,-6,2,-0.06783129122259979,0,3,9,2,9,3,-1,-2,-32,-35,-3,-17,3,8,40,-95,-118,-71,-124,1,-1,-1,-2,-1,3,2,-41,-3,-3,12,-12,0,-11,-4,-1,-3,1,-4,26,36,1,-1,93,25,0,0,6,102,1,-442,4,-1,-2,6,-205,1,-3,-9,2,-21,24,-5,-36,-5,15,29,8,19,-14,10,-14,-46,-77,-194,-14,-387,15,-193,-151,-823,1527,718,-380,4,16,2,1,0,0,9594667
23,-137,-68,-93,194,326,545,210,740,-129,2,-1,-0.029745773648199858,0,10,-4,9,-4,4,-5,1,-53,0,0,7,-27,-1,-3,-115,-2,-8,-197,2,1,2,-1,-1,-6,-7,9,-1,3,2,4,0,3,-68,3,2,4,-53,39,-19,0,4,1,24,0,1,-5,-77,-1,552,3,2,3,2,-272,-1,1,-3,-4,-26,-23,2,3,-2,-29,-21,-12,-26,-4,1,-63,-14,-60,-210,81,-343,-322,-133,-150,-310,380,-11,478,-11,-5,-1,1,0,0,9619986
25,-333,69,415,-649,-163,206,227,-415,10,2,1,0.03167244622069987,0,13,4,5,4,10,6,3,39,17,1,-5,18,-28,-30,92,57,43,87,2,1,-1,-2,-1,-1,-2,15,0,2,-3,1,1,2,77,5,-1,1,-6,0,-19,0,1,-37,-10,0,8,6,-656,1,207,-2,1,-1,-4,-81,-5,2,-4,-3,2,-8,6,19,-18,-17,10,-23,-6,20,-8,38,9,86,-27,58,199,-321,226,49,321,-217,46,-419,5,12,-5,0,1,0,9620041
-4,-261,-11,391,-301,100,-193,495,-461,36,2,2,-0.07365735535759921,0,2,17,1,-1,0,1,-5,-49,57,3,-10,-35,-33,-38,76,-35,-51,125,2,-2,-2,-2,2,6,7,-4,0,-10,14,4,-2,1,89,3,2,0,-4,36,-67,-1,4,113,294,0,-8,31,-190,2,-60,4,-1,-1,3,383,2,-2,-5,-28,16,-81,-33,6,-27,10,-54,6,-36,6,-12,70,29,53,65,14,146,-214,81,9,647,84,717,-212,-5,17,2,0,0,1,9619996
-5,-655,73,-206,-1117,-1013,1101,-1214,83,6,-6,-3,-0.03240889722590001,0,-12,-18,-13,-7,-10,-15,-2,-171,13,-1,-20,-18,-99,-195,-70,6,14,-77,-4,1,2,-5,1,-3,-1,1,0,2,-5,-9,1,-9,-83,-3,-2,-10,-43,-20,-108,0,0,-130,-200,-2,-8,33,-1475,1,1198,0,-2,-2,0,-298,-2,-1,-5,-25,-20,-159,-57,-24,-105,4,-54,-11,-70,-15,-32,-48,6,-110,-87,-22,-266,-860,-179,97,-176,-1198,-1352,-82,8,-7,-2,1,0,0,9564385
-1,-601,173,-875,-1289,-642,-358,-1516,-1625,44,2,0,-0.01909252095420033,0,-1,-3,-1,-2,1,6,-4,-120,130,5,0,-22,-22,-164,-103,-22,-9,-44,2,-7,-4,0,0,-2,-3,17,1,4,-6,-7,3,-2,-88,2,0,-2,6,-63,-79,0,-2,-20,84,0,-5,42,-1454,1,-216,-3,-2,-1,-3,52,4,-1,-4,-9,-2,-85,-28,-22,-25,20,-60,30,-47,-11,-10,-83,14,-136,172,99,-51,-643,-223,337,-484,-842,-1425,-1506,3,0,1,1,0,0,9564377
9,-2,-34,-349,6,-1120,839,-1478,844,28,9,-5,-0.03503071621220055,0,-4,33,-1,19,-12,21,-2,9,-29,1,-4,-27,1,49,45,-1,2,5,-3,6,1,-1,2,0,2,66,0,3,6,8,1,6,-23,-1,-5,-4,113,28,34,2,7,130,224,0,1,15,221,-1,831,4,-1,-2,2,268,-1,-3,3,16,-15,59,13,-2,25,-13,34,-27,21,-1,25,7,-40,46,71,35,165,145,94,-3,-187,-1067,-1289,1003,13,1,-1,0,1,0,9564383
-6,-334,28,226,-471,-357,-371,-125,-847,77,1,2,0.011633246417600773,0,4,-14,2,-16,1,-9,-3,-39,162,2,10,16,5,-2,-23,-76,-62,-5,0,0,-2,4,-3,-4,-5,23,0,-4,-1,0,0,-1,-82,0,2,-2,27,-15,-26,0,8,-2,174,0,12,-12,-394,-2,-207,1,0,2,4,338,2,0,-8,-9,44,-17,-5,31,12,13,-29,13,-7,14,-5,-24,-67,-29,132,18,-22,-388,-154,16,510,-393,99,-599,14,-5,0,0,1,0,9576663
-24,853,-85,-713,1731,-132,-239,-821,1446,-85,-9,-7,-0.1981748033832993,0,-12,17,-3,12,-8,7,-5,126,-94,0,-23,57,46,130,26,-2,-15,30,1,0,0,-1,0,2,3,9,0,-2,17,-13,0,-13,115,-4,-6,0,0,-63,100,-1,-12,33,-204,0,-8,-12,1635,-1,-491,4,-5,-3,5,-350,0,-6,4,28,-145,122,34,-61,92,-84,30,-70,42,-43,46,8,43,16,-162,-105,-41,867,121,-69,-1079,-114,-1088,1014,8,-3,0,0,0,1,9576660
-34,-316,-149,-499,-884,-507,-756,-972,-1640,-92,5,2,-0.1127889060092997,0,-10,-9,-4,-7,-13,-4,-7,19,-76,0,-3,25,0,1,60,19,10,-31,-1,-2,1,-1,2,4,6,71,-2,-1,5,3,-2,3,61,-2,1,6,51,19,-37,0,1,-55,-88,-1,-1,14,-780,1,-842,1,0,-1,2,-27,4,2,3,-11,-43,-29,-18,-26,-3,-17,-26,-22,-5,-19,-6,-4,2,90,-90,-44,144,-225,234,-146,-692,-459,-1107,-1623,27,15,3,0,0,1,9576720
34,-397,68,-1028,-696,-2398,534,-3460,-164,224,6,-6,0.030040053404600364,0,17,19,12,13,9,8,-2,71,81,1,22,45,2,53,-75,51,19,156,-3,3,-7,2,2,6,8,27,1,-9,5,12,0,11,-68,2,3,5,49,-58,-31,-1,3,-6,-35,0,9,-20,-570,0,658,4,2,1,2,170,-7,-1,8,-19,6,-36,-1,32,-24,-26,-12,17,-22,3,-13,-40,47,-72,390,114,289,-406,-101,168,-695,-2454,-3263,35,5,-4,-2,1,0,0,9643586
-7,-558,-190,124,-1220,-1137,-475,-1006,-1709,62,4,1,-0.0214858193967995,0,11,11,10,5,9,18,-2,-63,136,0,16,4,14,-77,-28,169,84,165,-2,0,-3,2,0,2,1,126,1,0,-7,3,3,6,103,2,3,-2,79,44,-34,-1,10,39,251,0,-11,-23,-1271,0,-143,3,1,0,1,556,2,2,-6,5,22,-29,-24,26,37,-4,-66,-8,-3,7,-2,-14,119,33,229,32,569,-630,340,-109,633,-1164,-563,-1337,6,8,2,1,0,0,9644101
-3,-496,148,581,-656,-63,235,521,-409,-47,14,2,0.06500986869319991,0,19,-7,15,-1,10,9,-1,-71,112,2,19,-16,-12,-11,-167,56,57,-194,-5,5,3,5,3,5,7,11,-1,4,-8,14,-1,15,-147,1,2,-3,25,53,-116,0,-3,73,107,0,35,16,-721,0,260,-8,-1,-1,-7,19,-2,-1,15,-36,90,-116,-40,76,-80,14,-36,16,-36,37,-40,-113,-28,-82,-66,53,-227,-612,-161,168,748,-134,561,-450,17,-3,-2,1,0,0,9643511
-38,188,66,1707,252,2868,103,4613,333,-122,7,7,0.22342465133639955,0,8,-23,3,-16,0,-5,10,-22,-182,2,-9,3,22,83,58,-60,-68,-81,3,6,0,6,-2,-1,-3,-91,2,6,-23,15,3,18,41,-1,5,-5,-41,-7,27,2,21,-46,-354,0,-23,-17,-90,1,-114,-3,0,1,-4,-859,-1,0,-1,20,77,22,4,26,-13,51,35,15,20,35,-2,45,16,-33,-397,-238,-548,3,-151,-160,1106,2771,4115,-287,-24,-7,1,1,0,0,9644105
-15,-216,-23,-824,-672,-68,-1193,-877,-1899,83,4,2,-0.09526559439729976,0,-28,-2,-26,4,-23,-5,-6,136,10,3,10,18,34,84,-132,37,26,15,-1,-1,-1,0,0,-5,-5,55,1,3,9,2,5,6,-68,0,-5,-1,-17,-21,36,0,3,-204,-94,-1,2,17,-521,-1,-1070,-3,1,2,-1,223,3,0,4,-11,-99,11,-1,-64,45,-35,-34,-49,11,-19,1,-40,-9,-78,321,-25,251,-229,-70,253,-545,35,-485,-1675,12,-6,0,0,1,0,9617469
38,-897,-47,-150,-1590,-1407,-384,-1595,-1943,46,-2,0,0.0173377998123998,0,11,-6,8,-8,8,-12,-1,-127,165,-1,19,-37,-31,-142,-51,26,9,107,1,1,2,1,1,-7,-8,75,0,0,-1,6,-1,5,61,5,2,4,46,58,-145,-1,6,115,392,0,21,0,-1539,0,75,-2,-1,0,-1,651,-1,2,-6,-28,43,-154,-54,32,-93,11,-61,17,-71,26,-29,-33,94,-119,176,114,193,-958,17,103,662,-1568,-1020,-1322,-15,2,3,1,0,0,9564985
47,72,-29,-473,-33,-1135,556,-1655,525,129,6,-4,0.016020383076700284,0,5,9,10,9,1,-3,1,76,-8,-1,-26,38,-2,58,-101,6,7,173,-1,-2,-2,-3,2,9,10,-25,0,-3,13,7,-3,3,44,5,4,6,-27,-12,42,-1,0,-43,-142,0,-7,69,-29,1,506,0,2,2,3,-212,4,-1,-1,9,-29,51,5,28,59,-57,-8,-11,26,-10,20,-14,30,-125,137,31,48,105,-89,-47,-384,-1203,-1618,419,-7,13,2,1,0,0,9564981
-24,269,-135,-2495,519,-2833,1302,-5304,1808,72,-26,-13,-0.2943825652259999,0,-49,29,-39,27,-31,10,-5,200,-9,-3,-26,13,13,59,-77,167,117,8,0,-2,0,0,-1,2,0,64,1,-9,21,-31,-1,-33,-64,-2,4,4,-5,31,75,1,-23,306,397,0,9,8,1005,-1,1401,-2,-2,-2,-2,703,-3,0,-7,23,-116,87,-1,-144,91,28,-4,-26,47,-74,41,-63,56,14,279,-113,389,558,110,152,-2187,-2705,-4779,2347,18,-35,-1,0,0,1,9564934
-5,103,-63,-182,106,-349,-5,-526,88,2,-1,-10,0.09709302325580005,0,-1,-1,-3,-1,-1,0,2,16,-21,3,-4,12,13,32,-19,11,-1,12,0,1,2,1,-2,-1,-3,6,0,1,-3,0,0,-1,10,0,0,-1,-9,15,13,0,-2,28,31,0,3,3,147,0,-9,0,0,0,0,17,0,0,2,4,-14,18,6,-6,11,-8,7,-4,8,-5,4,-2,5,6,6,-25,22,120,16,-92,-219,-329,-523,106,3,-5,0,1,0,0,10048601
7,-4,-2,-57,-15,-182,-70,-246,-87,14,-2,-3,-0.2693001060446001,0,-4,6,-3,4,-1,3,-3,-10,7,-1,9,-2,2,-1,3,-10,7,-5,2,-1,-1,2,0,0,0,12,0,1,3,-3,0,-3,-19,0,1,-2,13,-7,-2,0,0,8,31,0,4,3,-22,0,-42,0,0,0,0,10,1,0,-3,-5,13,-4,1,11,0,2,-4,1,-2,4,-3,5,-14,-11,28,5,11,-15,-17,4,-7,-199,-211,-63,-4,9,1,1,0,0,10048576
-1,-2,2,-29,-61,34,-66,6,-127,21,-2,0,0.021014492753699265,0,-1,1,-2,1,-1,1,-1,13,-10,0,2,7,0,2,7,6,0,28,0,1,-1,0,0,3,3,-18,0,-1,1,-1,0,-1,7,0,0,-1,13,-27,-3,0,0,12,54,0,1,0,-34,0,-41,0,0,0,0,43,0,1,-1,-8,7,-10,-2,7,-8,0,-2,1,0,7,-8,0,-3,8,2,-6,3,29,1,20,1,36,43,-77,0,1,0,1,0,0,10048584
-6,93,-46,-336,165,-189,179,-519,341,2,-4,-18,-0.39166666666669947,0,-3,5,-3,5,-1,5,0,12,-9,0,-9,2,3,5,-9,9,14,-11,0,0,0,0,0,1,1,-6,0,0,0,-3,-1,-4,-13,0,0,1,8,-20,7,0,-1,22,-1,0,1,0,197,0,197,0,0,0,-1,12,1,-1,-3,2,-10,11,3,-12,5,2,6,2,6,-5,2,-1,-16,-6,18,-28,8,123,-10,-14,-331,-194,-497,389,3,-7,1,0,0,1,10048585
3,-44,-20,185,-198,112,-47,294,-247,-11,4,10,0.040821375556699735,0,6,-7,4,-3,3,-4,0,-11,-3,-2,0,-14,2,-4,12,-1,12,-31,0,0,0,1,0,0,0,-8,0,-4,-1,5,0,5,-20,0,1,2,-4,-6,-6,0,2,-6,0,0,-5,8,-213,0,-42,-2,1,1,-2,-25,-1,1,3,-11,3,-13,-3,7,-2,-4,-11,-6,5,8,-15,0,-13,10,-16,8,-20,-55,-4,-49,176,91,259,-251,2,-1,-1,1,0,0,10048607
7,-3,-19,-51,16,57,-33,-1,-24,2,-1,0,0.22666666666659996,0,2,-3,2,-2,2,-1,1,-4,9,0,0,8,7,5,2,8,4,25,-1,0,-1,0,0,0,0,12,0,-1,-3,-1,0,-1,23,0,1,0,-4,0,11,0,0,9,18,0,0,-2,-4,0,-20,0,0,0,0,18,-1,-2,-1,3,8,9,5,8,7,0,2,4,4,-2,0,-5,21,13,-2,-4,49,-9,51,-14,-34,54,24,-29,-1,-1,0,1,0,0,10013717
6,-48,-1,-12,-32,-182,91,-200,58,0,2,-6,0.2257142857143002,0,3,-8,0,-8,1,-7,1,-1,8,0,5,2,1,3,-18,-7,5,-32,0,0,0,0,1,2,2,12,1,1,-2,2,3,5,-32,0,1,-1,-3,-5,-9,0,1,14,-7,0,3,-4,-75,0,78,1,0,0,1,-109,0,2,4,-7,27,-12,1,13,-13,14,1,8,-5,8,-8,0,-31,-21,10,2,-23,-87,-33,-15,-59,-220,-281,0,5,1,0,1,0,0,10021145
-2,54,-24,-247,128,-113,110,-358,232,-1,-2,-18,-0.36151279199109965,0,-3,4,-2,4,0,2,0,15,-35,0,-10,3,6,13,-44,-4,0,-43,0,1,-1,1,-1,-2,-3,8,0,-2,4,-3,0,-3,-42,0,0,0,3,-12,7,0,-1,9,0,0,2,0,148,0,84,0,-1,-1,0,-92,0,-1,-2,0,-10,7,-2,-4,8,-6,-1,2,5,-4,4,-24,-7,-31,-16,-34,-76,81,-60,-31,-320,-101,-387,219,1,-2,0,0,0,1,10021142
-88,842,-380,-3462,1088,-3878,1349,-7252,2392,221,-47,-15,-0.30833033129489973,0,-80,49,-54,34,-39,29,-7,234,-107,2,-99,71,45,178,-22,125,57,328,3,-5,-1,-5,-2,-17,-18,30,1,11,21,-61,1,-64,107,-18,-11,7,76,15,128,-1,-10,297,599,0,25,43,1855,1,1693,1,-5,-4,-1,1234,-2,-1,-32,45,-232,144,17,-217,137,-15,7,-71,61,-107,66,-30,149,79,446,-256,722,1280,276,76,-2633,-3785,-6162,3370,16,-21,0,0,1,0,9591661
-9,-645,-62,-484,-1733,-2606,-788,-3081,-2502,258,8,-3,-0.017994871516000543,0,17,-7,12,1,18,-15,0,-3,108,-1,-27,21,-19,-57,18,-35,-41,268,1,0,-2,6,3,-3,-1,86,0,2,15,10,3,12,10,3,2,0,15,5,-47,1,-1,-9,201,0,-32,39,-1665,2,-484,1,0,1,2,409,1,0,11,-33,43,-51,-18,51,-16,-8,-35,6,-12,27,-21,5,67,28,411,-24,483,-599,72,-203,-77,-2710,-2763,-2092,5,-9,-1,0,1,0,9591745
-16,-547,-27,66,-637,-538,884,-456,283,-80,-7,-2,0.04813841058239987,0,1,-15,-15,1,-4,-2,12,-40,-154,0,20,-54,-36,-120,149,-7,-11,46,-1,6,-9,6,-2,12,8,35,1,10,-29,1,0,0,126,4,7,-1,-10,45,-93,-2,-8,-47,37,0,3,-41,-540,0,813,-6,4,3,-5,-151,3,2,5,-7,19,-129,-44,-21,-100,40,-29,-5,-50,22,-35,97,-2,164,-355,-53,-26,-302,329,-14,-225,-500,-672,393,17,21,2,0,0,1,9591711
37,743,11,-3546,1587,-4578,1546,-8161,3117,453,-4,-18,0.0042019008052003315,0,-2,-2,-8,8,-6,-5,-5,193,65,-1,-1,23,16,50,60,34,46,564,-2,-2,-9,-3,-1,8,7,55,0,-7,-8,11,-9,3,111,2,0,2,96,-51,73,0,-2,115,426,1,-8,-3,2350,-1,1866,-2,4,4,-3,1120,-2,3,2,9,9,81,61,67,26,-58,55,35,20,-8,0,14,135,36,831,118,1073,1190,242,347,-2885,-4479,-7482,4166,-3,7,-1,1,0,0,9591878
32,-849,220,1016,-1758,384,-1634,1368,-3352,-145,15,8,0.17002535496960025,0,52,-21,39,-17,38,-10,1,-69,-62,-3,13,-5,-40,-112,-11,-54,-27,-276,-3,1,-3,2,-2,-6,-7,23,0,-10,-9,18,-1,17,-131,2,-6,-2,39,75,-94,0,11,47,105,-3,-40,42,-1958,1,-1770,1,1,0,1,-611,0,2,4,-10,55,-111,-20,80,-89,-25,-22,21,-68,47,-23,-10,-29,-12,-428,-53,-566,-912,-138,109,431,416,900,-3616,-2,-11,1,1,0,0,9591753
34,78,-49,-793,537,-878,1148,-1705,1689,101,11,-5,-0.07179172596550032,0,11,12,23,16,8,3,-6,17,63,0,-29,9,-4,-73,-41,-82,-44,-30,3,0,-2,1,3,3,6,8,-1,-2,15,3,-1,3,-131,14,12,3,-67,-18,28,0,-10,69,186,0,-3,-4,672,1,1104,0,-4,-3,0,-72,0,2,-2,-8,34,-1,-12,37,11,-3,-12,26,4,12,7,-9,-77,-55,177,127,-55,183,-232,-98,-813,-822,-1762,1849,10,-9,-2,0,1,0,9591708
-15,205,-61,-1089,602,66,1077,-1008,1669,-32,-9,-5,-0.016464210194800266,0,-18,4,-21,10,-11,1,-5,31,-88,-1,14,-2,10,60,-7,114,68,0,-4,2,-4,6,4,8,12,8,0,5,6,-8,2,-5,32,0,4,1,61,107,31,0,1,8,114,0,4,-42,843,1,1063,0,0,0,2,226,1,-1,-7,1,44,47,34,4,37,40,10,-6,10,14,3,-56,34,40,-37,-23,108,390,145,-104,-1137,250,-864,1846,-8,21,-1,1,0,0,9591755
50,344,110,-852,995,425,437,-477,1391,306,-2,-3,0.03692660757689925,0,-19,14,-16,-1,-8,13,0,145,131,3,-46,26,41,102,-135,68,49,119,-5,-3,4,-2,0,-2,-3,25,2,-6,-6,-11,5,-9,-187,3,-8,-6,76,-58,65,1,-1,-62,108,0,13,-7,1416,-3,470,3,-3,-4,1,401,-2,1,-9,25,-42,93,32,-22,53,-20,40,12,35,-36,26,-97,-9,-122,512,148,257,630,-255,346,-486,667,33,1784,-12,-19,0,0,1,0,9591896
-11,-705,-62,-559,-1542,-789,-790,-1337,-2266,-65,1,1,0.09838827838829989,0,9,-23,5,-24,4,-1,7,-126,13,1,65,-52,-66,-201,10,-62,-37,-81,-2,0,-1,13,0,6,6,11,-1,-14,-34,3,0,4,-16,-1,5,-1,-13,-71,-113,1,1,-243,-120,-1,-6,22,-1538,-1,-754,2,2,1,1,-43,2,3,2,-34,36,-169,-50,17,-125,19,-44,18,-58,2,-61,-2,-22,4,-191,12,-231,-558,-40,-37,-562,-802,-1376,-2091,11,16,1,1,0,0,9591709
-97,841,79,-399,1868,153,410,-149,2190,-196,-18,-4,-0.13786008230459945,0,-17,33,-16,30,-19,19,-7,-3,-85,2,-53,14,88,140,28,138,56,-15,0,1,0,-4,2,1,4,-27,-1,15,30,-7,-12,-18,181,-2,-13,0,-24,2,134,1,-6,-5,-392,0,1,-39,1651,3,234,1,-1,1,2,-422,-3,1,-11,21,-108,153,29,-103,119,-5,34,-43,75,-40,49,44,76,26,-186,-200,43,771,229,-127,-787,26,-561,1745,-14,-11,0,0,1,0,9591747
-19,110,-54,868,140,-648,558,239,714,-84,-1,-1,-0.02516788766789979,0,1,11,2,13,-3,3,0,-51,-66,0,19,-1,-16,-22,142,-54,-17,-84,1,-1,6,-3,0,2,3,-78,-2,5,7,-2,-1,-4,0,-3,3,-1,-48,6,18,0,1,66,-18,0,-23,11,117,-3,474,-2,-4,-4,-1,22,-1,-2,-1,-7,39,-20,-9,-1,-16,40,-4,2,-14,13,3,75,-37,81,-121,-35,-128,154,-7,-150,781,-651,165,613,-17,9,0,1,0,0,9604134
46,-123,-53,-647,-507,1455,-1013,762,-1482,-58,3,5,-0.004485904285600029,0,9,20,9,11,10,16,-1,-23,-68,0,44,13,-38,-93,-20,30,21,-124,-2,1,-1,-7,1,-3,-3,18,1,1,2,5,2,5,-66,1,3,7,8,84,34,-1,7,-37,-43,0,4,10,-677,-1,-1049,7,-1,-1,5,103,0,-1,-1,23,-15,38,9,45,-3,-60,41,-1,3,-12,26,-42,0,42,-133,58,-119,-202,14,-33,-644,1523,821,-1633,-8,6,1,0,1,0,9604161
-63,-685,114,1082,-1198,264,-485,1409,-1630,-54,-4,6,-0.018643067846600303,0,-7,-6,-8,-5,-4,-8,1,-97,-59,-1,24,-17,-53,-156,94,44,39,108,0,-2,-5,1,1,11,12,46,1,18,3,-9,5,-4,162,-11,7,-5,56,66,-60,0,4,8,110,0,-4,14,-1158,3,-318,1,3,1,1,434,-2,-2,3,-19,77,-74,-14,-16,-15,93,-59,23,-39,28,-21,33,42,89,-13,-117,327,-694,340,118,1265,334,1716,-1320,6,-1,0,0,0,1,9604163
-61,-515,154,2260,-1449,3151,-215,5472,-1632,-244,13,14,0.06806167400880003,0,27,-13,22,-13,23,-10,4,-168,-26,1,22,-37,-32,-81,103,-127,-75,-240,0,3,0,1,6,13,18,-94,0,3,-8,4,5,11,4,-5,0,1,-46,129,-105,0,8,2,112,0,28,68,-1556,-1,-121,-1,1,-2,-1,165,-2,3,6,-34,101,-156,-41,51,-61,50,-95,29,-75,41,-40,68,-98,133,-435,-86,-453,-559,-18,140,2222,3199,5507,-1596,-10,10,1,0,1,0,9604171
23,-124,146,91,-40,644,-368,712,-415,-54,-9,3,-0.05539252083690016,0,-8,1,-9,-3,-3,0,0,13,-4,-5,-8,5,7,-2,64,21,29,131,3,-2,-4,-2,-3,-5,-7,-9,-1,-6,11,-8,-4,-13,185,-1,-3,-7,-15,-31,24,-2,-7,-4,-67,0,-6,-12,-256,0,-392,0,-1,-1,-1,-169,-3,-4,-3,-23,-25,26,17,-10,3,-15,23,-5,25,-8,-16,42,74,86,-9,28,291,-335,300,135,-181,664,455,-646,12,17,1,0,1,0,9604166
11,126,-5,-615,315,-1050,298,-1676,595,135,-30,-5,-0.06420765810980011,0,-27,-13,-29,-14,-13,-11,2,6,121,-1,-1,22,18,25,-67,70,18,135,-1,1,-2,4,-1,-3,-5,14,-1,-3,-2,-23,-3,-27,0,-2,1,3,10,-26,35,2,-13,-135,-79,0,-5,-22,451,0,437,2,-2,-1,2,318,2,2,-12,28,-17,48,-8,-31,12,14,36,12,31,-18,25,-44,83,-80,333,71,282,71,-51,43,-332,-1073,-1476,863,10,-1,2,0,1,0,9595186
-71,287,25,-873,350,766,-663,-36,-355,19,10,0,0.0549787492410001,0,13,-10,12,-9,4,-6,0,190,-137,-1,-47,33,42,137,97,48,25,110,2,1,3,-2,2,6,8,-21,0,8,4,9,5,14,91,1,4,8,53,6,85,2,12,143,135,0,29,-16,525,0,-657,0,-1,-2,-2,-38,-2,2,1,15,-22,81,41,-20,37,-2,44,-24,23,27,17,73,36,39,-49,-237,80,359,129,134,-1125,861,-27,-269,-1,19,1,0,1,0,9595146
7,171,157,-1295,458,-260,907,-1562,1358,124,-11,-7,-0.11332503113330006,0,-19,-4,-17,-1,-3,-2,0,86,-68,0,-10,34,7,65,-10,-39,19,-44,2,0,-1,6,-2,-9,-12,11,0,-1,-1,-12,-3,-17,-168,-2,1,-4,32,-12,31,0,9,140,253,0,10,-41,750,2,864,1,-2,-3,1,266,-1,-2,-22,-1,-78,24,19,-69,-8,-9,32,-10,10,-33,-5,-1,-89,32,215,28,112,357,-103,170,-1270,-86,-1384,1549,-10,-18,-1,1,0,0,9595229
-6,-239,26,-910,-276,-29,-641,-933,-903,-27,-3,0,-0.003264043436399966,0,17,-6,7,2,18,0,0,-75,-54,0,-16,-40,-14,-103,-69,-61,-21,32,4,0,4,-1,5,14,16,19,0,3,-4,0,2,3,59,-5,11,-6,22,-28,-43,0,-3,-221,-139,0,15,-20,-227,1,-613,-3,4,3,-1,68,-2,1,9,-25,5,-82,-25,11,-45,-6,-37,2,-26,21,-31,-25,-28,-7,-78,-24,-34,-176,44,155,-933,67,-842,-737,7,0,-1,0,1,0,9672142
23,148,54,216,374,280,390,473,737,43,-10,0,-0.028669500866000064,0,-13,8,-13,7,-5,0,-3,75,20,-1,-22,55,27,44,-31,83,20,168,3,-3,-2,0,-1,-5,-6,-61,0,-4,10,-7,2,-4,125,2,-6,3,-22,27,13,0,2,-142,-197,0,-35,2,292,1,321,-1,-1,0,-1,-65,-2,3,-10,-4,-58,30,11,-30,26,-28,4,-13,15,-8,4,-17,68,8,50,-15,135,152,85,9,77,393,476,569,-1,2,-4,0,0,1,9672132
73,-177,140,1752,-829,-716,-705,963,-1521,141,14,6,0.08421014597490029,0,21,-6,13,-14,9,-2,3,96,173,0,20,18,-13,39,59,-43,-23,131,0,2,6,0,0,-7,-7,68,-1,0,3,15,2,15,-10,6,3,5,74,63,-36,0,-1,33,306,1,24,-19,-562,2,-487,1,2,-1,0,575,0,1,12,3,172,-15,-11,109,-8,63,-7,76,-8,48,4,13,-19,54,223,219,310,-166,87,221,2279,-751,1309,-1088,11,-14,0,1,0,0,9698832
-14,-44,-25,-275,17,945,278,684,293,-101,7,1,0.14579322261009953,0,17,-15,16,-3,8,-2,9,20,-31,-3,-13,16,2,52,1,3,-10,-96,-2,2,3,1,6,11,16,-112,0,5,-23,10,2,14,5,1,1,2,1,-56,-32,-2,4,-8,-326,-1,17,8,-244,0,195,-6,0,1,-3,-630,-2,2,6,-1,39,-45,-18,18,-27,21,-18,36,0,8,-27,0,-47,-56,-262,36,-433,-165,-171,-147,-561,711,114,-101,-10,-1,-1,1,0,0,9672113
-11,-377,106,1034,-238,570,922,1615,700,-103,11,2,0.1110803175320001,0,3,12,3,12,2,8,4,-183,171,4,17,-34,-16,-142,79,23,-17,-103,1,0,-2,-3,2,9,11,18,1,2,-13,9,4,14,0,4,7,4,-4,36,-19,0,1,-58,12,0,20,-3,-391,-1,1001,-2,0,-1,0,129,-2,-1,10,4,92,-15,-2,59,-14,33,-1,42,-9,18,-4,25,45,109,-65,92,35,-468,100,76,1137,523,1568,752,10,-1,-2,1,0,0,9672107
-7,-296,67,1086,-623,1328,-733,2421,-1343,-90,9,8,0.1080645161289997,0,16,-21,16,-18,1,-16,5,-13,-41,-2,23,-26,-13,26,82,-10,1,8,-3,4,1,-1,3,1,4,-35,-1,-4,-17,16,-1,14,98,2,-2,0,24,25,-54,-1,6,-70,-188,0,-7,12,-896,-1,-799,1,-2,0,1,-375,3,-2,7,-9,-30,-38,-14,24,-38,-54,0,-27,3,-9,-27,46,-16,42,-202,-38,-101,-446,101,17,895,1155,2088,-1721,-18,11,2,1,0,0,9672145
5,-562,-144,360,-1256,-967,-123,-612,-1339,-4,-12,2,-0.14897152580340034,0,-27,0,-23,1,-17,-7,-1,-62,100,-1,20,-46,-40,-100,1,-49,-59,0,6,1,-3,0,-2,-8,-10,74,0,6,15,-15,0,-15,4,-2,-5,-4,11,24,-57,1,0,117,299,0,-16,25,-1333,-2,104,-5,-6,-5,-3,465,3,-5,-13,-18,7,-67,-31,-20,-50,27,-17,18,-32,-38,-4,-30,3,40,-4,121,52,-707,56,-73,723,-1024,-422,-1129,19,15,2,0,1,0,9672129
36,-159,-19,414,-345,-28,-450,350,-793,-16,0,3,0.005151025400299325,0,0,7,10,12,10,4,1,-46,128,-3,31,-14,-2,-46,-10,2,25,-42,3,-1,-3,0,4,1,4,-44,1,6,5,-9,3,-6,-26,-3,-5,4,-34,-17,18,1,1,160,353,0,7,-12,-393,0,-231,-3,-4,-4,-4,185,-1,1,-4,7,31,19,28,5,-19,26,38,32,-19,1,10,-5,-47,-56,17,96,-80,-267,-97,-58,655,-54,505,-587,-13,-12,-2,0,0,1,9672136
1,86,-153,-125,229,-211,420,-337,632,32,-4,-2,-0.015293885036699706,0,11,-8,10,-1,11,3,8,-17,2,1,-3,-7,17,9,-34,-43,-22,-33,-3,0,1,0,-1,-5,-6,22,0,-6,-13,-1,0,-2,-65,3,4,-2,-16,-14,-30,-1,-5,310,299,0,-21,12,195,-1,520,-3,0,-1,-2,8,2,5,1,-4,-16,-77,-32,-5,-17,-11,-60,-11,-29,-7,-16,-39,-47,-53,104,-81,-19,98,-123,-128,-75,-213,-207,706,-1,13,2,0,0,1,9595595
-14,-24,261,897,-93,1061,594,1972,488,4,11,3,0.12327935222670039,0,-9,13,-8,15,-19,9,1,9,-3,0,-33,-4,13,38,-75,-18,0,-127,-2,0,-1,1,2,-5,-2,-11,0,-4,4,10,1,11,-131,0,2,-3,17,2,28,0,0,-48,-60,0,-5,59,-276,0,683,2,-1,1,1,-70,2,-4,11,19,-9,46,0,1,50,-10,-4,-12,21,15,25,-41,-31,-16,-16,-90,-171,-197,-155,173,1002,974,2066,369,-10,-19,0,1,0,0,9595607
-9,470,188,488,811,886,323,1383,1128,-33,11,-1,0.1574331078713005,0,10,-21,10,-11,2,-1,7,128,-100,1,-30,18,6,158,-104,-38,-11,-133,1,4,1,1,2,9,11,-55,1,-3,-22,13,1,14,-100,-1,-7,-7,93,12,8,0,5,-130,-309,0,-3,-7,878,-1,208,-1,0,0,-1,-367,-5,0,10,-9,-64,3,2,-28,-32,-36,35,-42,29,-8,-28,-29,-42,-77,-162,-126,-408,475,-246,184,155,908,1189,928,2,-1,-2,1,0,0,9595600
-53,458,-186,-1490,1502,-701,2110,-2138,3580,-91,-22,-12,-0.16761470719259997,0,-17,19,-19,18,-10,11,-5,2,13,1,-32,14,32,50,100,63,22,33,2,-2,0,2,0,-2,-3,-26,-3,-3,9,-18,-9,-27,124,-6,-6,3,21,32,33,0,-5,112,-83,0,-35,14,1484,0,2012,-1,3,2,-1,25,4,-1,-16,16,-88,27,-3,-84,35,-4,-8,-25,4,-47,26,50,24,17,-77,-55,73,489,150,-281,-1537,-713,-2195,3446,-9,0,2,1,0,0,9595613
8,-436,-9,-567,-672,-491,-7,-1066,-669,130,-4,0,-0.04317857142859971,0,-17,22,-20,24,-16,15,-3,4,-58,1,-7,-7,-10,-66,-93,-64,-44,178,1,-1,0,-2,-2,-3,-5,22,0,0,4,-4,-4,-8,48,4,-5,-1,6,26,-18,-3,-5,21,164,0,-19,42,-690,0,127,-4,1,1,-3,289,-1,-2,-7,10,-74,-8,-13,-33,6,-41,-14,-11,-10,-39,15,-35,1,-59,122,-38,84,-549,-38,58,-399,-382,-743,-497,7,-5,-1,1,0,0,9595605
-46,150,-97,-54,614,1696,-178,1688,415,-105,0,3,-0.02706481481479983,0,6,15,4,8,5,7,-1,-37,-75,1,7,15,21,35,28,67,53,9,1,2,5,-3,2,7,9,-16,0,8,5,-1,0,-2,114,2,6,2,10,33,54,0,-2,-27,-199,0,0,11,615,0,-187,0,2,0,1,57,2,2,-1,31,-52,77,8,-39,54,-13,23,-15,32,-26,37,43,104,-36,-178,-129,-60,158,118,-70,-242,1825,1712,393,0,0,-1,0,1,0,9595615
65,-237,216,1301,-398,1938,-981,3174,-1376,134,8,10,0.12582762786949964,0,5,-10,8,-13,3,-3,2,-96,82,1,42,-23,-3,-48,-15,-28,-11,64,5,-2,-2,-1,-2,-5,-7,-31,1,11,-3,2,2,5,-70,1,0,0,-36,2,-38,0,-6,-3,54,0,16,-2,-578,0,-1019,2,-1,-1,1,-306,1,0,8,-27,84,-66,-16,50,-55,34,-11,61,-23,24,-27,37,-67,-73,156,158,-38,-390,-194,23,1181,1820,2843,-1549,15,-6,3,0,1,0,9595609
-15,-154,-9,122,-169,-813,1460,-676,1333,22,-7,-4,0.017351549766099872,0,-3,-18,-1,-18,5,-7,7,-29,-119,0,-25,-12,-42,0,-55,23,37,-113,2,3,-3,1,3,0,1,-69,3,12,-12,-7,0,-6,-135,-6,1,-1,35,13,-66,0,-8,13,-8,0,-18,56,-114,0,1487,0,-1,0,0,-170,0,-1,8,-9,5,-103,-15,-26,-57,31,-46,15,-67,-16,-21,-48,-69,-2,-41,-82,-215,-57,-174,-180,66,-889,-741,1373,-24,5,0,0,0,1,9595602
32,-394,196,876,-247,600,-181,1444,-398,-57,4,5,0.044254668838999756,0,31,-7,17,-5,17,-5,0,-61,44,-1,35,-37,-30,-89,-174,-5,-9,-290,-2,2,-1,1,3,3,7,19,-2,-9,-5,16,-4,12,-233,1,-3,-1,-19,88,-13,-1,-2,-115,-129,0,-3,12,-394,0,-117,1,6,5,1,-30,0,1,13,-7,47,-34,-3,55,-19,-8,-15,6,-20,32,-11,-98,-59,-140,-128,94,-501,-425,-373,237,1156,542,1604,-422,0,-21,-1,1,0,0,9595703
-40,216,-106,-488,543,-43,530,-491,1052,-55,0,-4,-0.05825756960789974,0,-3,-9,2,-8,-4,-7,0,68,-87,-1,-20,27,21,95,-23,-66,-56,-117,1,2,1,-3,3,3,5,13,-2,1,0,1,-6,-4,-62,0,1,7,39,0,23,0,-9,33,-33,0,8,5,658,-1,467,3,2,2,2,-88,1,0,4,11,-63,15,4,-50,8,-13,7,-38,3,-16,8,-63,-8,61,-54,-71,-91,326,-37,-129,-693,45,-577,1030,1,-1,1,0,1,0,9595604
21,-350,16,328,-295,2,330,309,59,1,-7,2,-0.03489816194730011,0,1,-3,1,-3,5,0,1,-24,61,-2,0,-10,-24,-54,15,58,1,69,-3,5,3,1,-2,-8,-9,-4,0,-4,0,-6,0,-6,68,1,5,0,-10,17,-72,0,1,74,137,0,1,3,-269,2,359,1,-3,-3,1,169,0,0,-8,-27,8,-96,-32,37,-58,-29,-38,12,-32,0,-32,3,113,1,5,59,75,-322,70,21,450,59,450,144,1,-2,0,1,0,0,10002606
-11,680,-203,-1366,1310,-671,-161,-2026,1133,-63,-9,-9,-0.04226831620199967,0,-17,-7,-11,4,-7,0,6,37,-55,-2,-38,15,16,84,-14,-108,-48,-166,-2,-1,1,0,-2,0,-2,-75,0,-1,-12,-13,-1,-17,-103,-3,0,1,-28,-92,44,-1,-3,-45,-104,-2,-13,-1,1340,1,-354,-3,-2,-2,-1,-323,-1,-1,-8,12,-49,13,-8,-43,10,-6,3,-34,24,-18,-3,2,-101,-23,-32,-23,-278,731,-246,-208,-1651,-621,-2249,902,-15,-4,-1,0,1,0,10002611
-66,125,-52,-1466,60,-327,-814,-1727,-785,-29,-4,-5,-0.042376825207099955,0,-19,-8,-16,-6,-9,-8,0,42,-151,-1,-52,14,31,34,-68,-33,-28,-128,1,-1,-2,1,0,-10,-10,-52,0,6,-7,-11,4,-7,-99,1,-5,2,-11,-82,23,0,-1,-42,-174,-3,-9,10,-56,-2,-935,-1,-1,-1,0,-476,0,2,-7,-9,-118,9,4,-92,18,-26,-9,-59,19,-30,-14,-34,-53,-97,-45,-153,-320,97,-275,-80,-1802,-334,-1983,-1025,-7,-3,0,0,0,1,10002598
12,319,-21,-327,902,-1202,827,-1541,1714,3,3,-11,-0.06557881773399998,0,-1,8,-7,6,-2,5,-1,76,-37,2,-3,13,15,45,88,23,23,48,0,1,0,2,0,-3,-3,-3,0,1,5,6,0,8,45,1,3,1,23,-45,31,0,1,53,-5,1,-12,1,943,2,868,4,-3,-4,5,105,2,0,4,22,9,55,20,20,31,-11,24,-13,8,16,27,28,-25,61,-11,-21,126,337,137,-45,-304,-1217,-1500,1766,13,9,1,1,0,0,10002559
16,-472,109,430,-1035,-764,-815,-350,-1837,14,-12,3,0.008870192307699476,0,6,-10,2,-11,11,-11,2,-86,43,-4,18,-4,-13,-69,58,60,40,192,-2,0,2,2,0,-2,-2,86,1,8,-10,-9,4,-6,178,1,4,-2,3,-16,-54,0,-1,-155,-123,0,-10,-9,-1153,-1,-737,2,3,3,2,87,1,0,-5,-11,34,-41,5,3,-20,31,-21,8,-22,13,-24,24,74,73,17,95,388,-505,371,102,405,-793,-483,-1821,16,16,2,1,0,0,10180715
18,95,-95,-87,504,-723,1002,-828,1525,70,-14,-5,-0.10974007400920005,0,-16,18,-15,15,-3,14,1,-15,-103,0,-14,1,-19,-55,27,-1,23,65,0,-1,-2,-1,-1,-2,-3,6,0,0,3,-12,-7,-19,-5,-3,1,1,16,-42,38,1,0,114,66,0,-2,30,409,1,957,4,-1,-1,1,-85,2,-2,-16,-2,-55,33,11,-23,28,-32,5,-14,21,-12,1,-15,-10,38,35,11,89,135,54,-139,-201,-743,-955,1421,9,-1,0,0,1,0,10180714
-8,-84,36,135,-7,-402,-13,-259,4,0,-3,-2,-0.026230359693600214,0,4,3,-1,6,3,1,-1,-14,7,0,12,-22,-24,-47,78,54,19,112,0,1,-1,1,0,-2,-2,21,0,-3,2,2,-2,0,112,-3,-1,-5,35,6,-7,0,-2,-43,-36,0,1,-8,-26,0,24,-1,1,0,-1,144,1,-1,5,-8,0,-13,2,-8,-8,8,-5,-7,-9,-4,-6,25,60,108,-51,40,208,-102,259,54,222,-445,-263,45,3,0,2,0,1,0,10073766
15,62,-21,87,149,-369,-450,-297,-315,8,-2,0,-0.03473965936739987,0,5,6,1,7,3,4,-1,30,35,-1,1,5,14,19,49,11,13,82,0,0,-1,0,0,-2,-2,4,0,1,4,0,1,1,74,-2,0,1,-17,-8,23,0,-3,26,12,1,0,-7,165,0,-417,0,3,3,0,151,0,0,6,6,42,38,2,36,20,6,18,11,28,4,8,34,-4,28,5,-3,132,104,127,-19,127,-347,-217,-271,2,11,0,1,0,0,10073768
-4,-56,-44,-169,-92,-109,-156,-274,-248,-7,-4,0,-0.35322245322239976,0,-2,7,-4,4,-1,5,-1,2,-2,1,13,-6,0,-12,-3,-48,-17,-57,1,2,0,0,-1,1,0,12,0,-3,5,-1,0,-1,-50,2,-1,1,-20,-23,-3,0,1,15,-7,0,-7,9,-122,0,-197,1,0,1,0,-64,1,0,-4,0,-9,2,-8,-3,8,-6,-6,-8,4,-2,6,-9,-38,-14,18,28,-50,-68,-68,-37,-147,-138,-313,-307,2,7,0,0,0,1,10100393
22,47,30,-314,628,-1724,1179,-2060,1819,173,-8,-9,0.0526797053593997,0,-15,-5,-15,2,-9,0,1,2,124,-2,0,-7,-12,-49,-37,-28,-8,103,-1,-2,-3,-4,2,0,2,26,-1,5,-11,-5,1,-5,-70,-4,5,-2,127,-60,-30,0,-7,137,275,0,-6,-23,835,0,1373,-2,4,5,-1,356,-2,1,8,-4,61,-59,-21,15,-40,46,-19,11,-21,15,-17,-18,-3,4,384,85,336,125,-48,119,55,-1756,-1786,2257,-7,-12,0,0,1,0,9578949
-57,383,-67,-1829,594,-836,290,-2608,867,-12,-9,-8,-0.10021247934230004,0,4,0,-6,-2,2,1,-2,45,-85,0,-46,18,17,70,2,92,39,82,-2,1,1,-1,0,2,2,20,-1,-9,7,0,-1,-3,94,-4,7,0,18,-43,19,1,-1,95,96,0,6,-3,693,2,298,2,4,5,2,-43,-2,-1,5,-8,-64,38,18,-19,20,-45,18,-46,23,2,-3,7,60,56,-6,-105,203,441,209,-7,-1934,-885,-2714,919,5,1,-2,0,1,0,9578948
12,219,-211,-993,858,-672,170,-1677,1007,41,-10,-7,-0.12436247334750039,0,-13,8,-16,12,-5,4,0,68,98,3,-5,-25,21,107,49,40,23,64,0,2,0,-1,2,5,7,48,0,-1,-2,-13,-1,-14,23,0,2,9,-28,-15,22,0,-12,133,86,0,-7,-14,688,1,203,-4,2,-1,-4,-117,2,2,-2,13,-67,34,6,-35,6,-32,28,-29,16,-29,12,-2,7,52,134,35,284,71,150,-332,-1126,-796,-1957,784,2,-4,1,1,0,0,9584756
-11,165,-70,153,686,-811,1181,-647,1862,38,-1,-6,-0.018101278237300455,0,-14,-16,-13,-8,-12,-20,-2,80,-133,-2,-75,15,5,21,-82,60,18,72,-2,-2,-3,-1,0,-6,-5,-56,-2,-7,1,-1,-5,-6,34,4,0,3,46,-54,-22,0,-3,-48,-12,0,6,-20,857,1,1168,-3,0,-1,-3,-96,-1,-1,-7,-15,-84,-25,-5,-37,-13,-47,-12,-35,-3,-25,-17,-46,25,-15,78,-120,53,303,-25,-63,118,-782,-544,2004,-15,1,-1,1,0,0,9584764
-4,490,-11,-1369,1046,-308,-319,-1673,717,18,-7,-5,-0.10654169737160046,0,-20,11,-14,11,-7,4,-2,45,-12,0,-24,13,10,62,-35,46,31,69,0,-3,-2,-6,1,3,4,75,0,-4,14,-14,3,-13,51,3,2,-1,-30,-37,60,0,-8,-55,-125,0,24,-10,1055,-2,-511,0,-5,-5,1,94,0,-3,-6,11,-50,66,4,-66,32,16,34,-29,36,-12,26,-22,63,-25,37,-34,165,454,128,-2,-1336,-245,-1547,482,8,21,0,0,1,0,9584767
87,140,-395,-540,-81,-2526,-483,-3153,-566,271,-2,-5,-0.05387290627800034,0,-6,8,-9,9,-12,5,3,95,120,2,-44,31,2,104,-58,25,10,238,1,-1,0,0,0,0,0,40,2,6,7,4,-3,-1,-33,8,0,-4,26,-43,-9,2,-5,185,460,1,2,34,128,2,-124,-1,0,0,0,308,1,-1,-2,-8,-7,-65,-33,-6,-5,-1,-60,19,-31,-18,-1,-41,24,-92,530,161,443,153,-87,-362,61,-2867,-2967,-100,1,11,1,0,0,1,9591968
23,-193,94,-23,-501,-1189,-1013,-1235,-1492,276,3,1,0.08105429713529944,0,6,22,-1,17,6,18,-1,-34,215,2,-7,36,-22,-64,-176,-39,-7,123,7,0,-1,-1,-3,-6,-9,-46,1,9,10,3,1,3,-153,-2,4,-5,162,-38,24,-2,9,-17,373,0,8,-33,-121,1,-814,-2,0,-1,-2,615,1,4,-3,1,152,43,21,44,26,108,17,61,9,43,13,-82,-91,-192,409,-35,17,109,-392,342,544,-1068,-489,-871,-16,-4,1,1,0,0,9591807
-20,-5,63,907,-255,408,-298,1335,-550,7,-2,3,-0.03226335372390032,0,0,-13,-7,-20,-5,-9,-1,0,-68,-2,13,-16,-3,-55,-7,-31,-15,52,1,0,0,-1,-4,-5,-8,66,0,7,9,-1,3,1,45,-2,0,0,-3,19,-34,-1,2,-18,33,2,27,-7,-350,1,-354,2,-1,0,0,-117,2,3,2,-2,44,-27,-35,27,-32,17,5,37,4,-4,4,-5,5,31,31,-153,160,48,129,11,758,403,1314,-649,-2,0,0,0,0,1,9591737
50,289,94,329,53,-1549,-310,-1270,-240,272,-11,-2,0.06056948675889995,0,20,-3,6,-4,21,12,1,93,370,0,60,47,-17,98,-126,-13,-16,139,3,2,1,1,-2,-3,-5,72,-4,-14,-7,-2,-1,-3,-133,-2,0,0,48,28,47,-1,6,59,272,2,-5,19,320,3,9,-4,0,0,-5,851,-1,-1,-6,6,113,69,44,114,-17,-1,86,57,30,14,-5,-44,4,-51,447,127,320,369,-127,232,954,-1570,-743,231,7,-14,1,1,0,0,9591787
-6,-327,71,99,-684,1313,-733,1418,-1433,-158,7,5,-0.10467743757769998,0,5,25,11,25,4,25,-2,186,-285,2,-39,49,16,72,-24,67,38,-130,4,0,2,-2,1,3,4,1,-1,-5,14,7,-5,0,28,0,-4,-2,-73,27,-37,0,5,291,474,1,-3,28,-129,2,-711,-1,-1,-1,-2,378,-4,-1,-3,4,-63,-18,-12,-32,39,-31,-57,-43,-24,-18,18,-15,47,23,95,-95,191,91,96,415,136,1595,1826,-912,-4,14,-5,0,0,1,9591822
-44,-182,427,1489,-177,2521,158,4054,6,-93,1,6,-0.03900219474330058,0,13,-1,5,-2,4,-5,-1,-10,-62,-2,16,-5,-25,-34,40,-27,-13,-133,-3,1,-1,1,-1,-10,-10,0,-2,-9,1,4,-2,4,-40,-4,2,-4,37,43,-48,1,8,24,71,2,2,23,177,-1,-34,1,1,1,2,225,-1,-2,-2,-26,-30,-73,-30,-23,-35,-7,-38,-9,-17,-33,-26,84,-62,21,-104,-28,-133,16,-29,598,1510,2709,4247,177,-1,3,1,0,1,0,9591833
-36,400,57,2023,712,1976,1258,4035,1946,-308,-4,2,0.02072165877839982,0,0,14,-5,9,3,9,0,74,-115,0,-28,85,24,146,2,32,-4,-111,1,-1,5,-2,3,8,10,-125,4,10,5,-1,3,3,197,-9,-4,4,-40,86,50,0,7,116,-62,3,-16,42,707,-1,1094,-2,0,-2,-3,-182,0,2,4,25,60,47,-1,36,53,24,-6,-3,17,35,31,13,78,88,-447,-159,-286,352,161,-231,1638,2058,3855,1655,-22,9,0,0,1,0,9591838
23,581,-22,33,779,-1425,-78,-1415,663,33,0,-4,0.028805845011299347,0,-31,6,-19,2,-25,0,-2,-64,-93,8,-16,45,38,77,17,48,32,138,-2,0,0,-1,1,-3,-3,-36,0,6,8,-6,1,-4,105,-4,-3,5,109,3,96,1,-12,-6,-99,0,7,-29,742,-2,-32,3,0,0,3,-41,0,-1,11,10,-16,115,62,-32,79,16,36,20,25,-33,28,28,71,82,72,77,260,471,188,-9,164,-1670,-1583,633,-15,-2,-1,0,0,1,9591790
63,-1355,-42,345,-2017,1309,-788,1591,-2753,-172,9,8,0.05732046219110032,0,18,-9,17,-10,16,-7,2,-283,-38,0,62,-36,-52,-286,22,-29,-4,-140,2,-2,1,1,-4,-11,-15,46,0,3,-12,10,1,7,32,2,6,-10,19,50,-114,-1,-4,-206,-141,-1,8,7,-2408,1,-781,3,1,0,0,-91,-1,0,13,-14,109,-116,-42,77,-78,32,-38,32,-47,45,-27,-3,55,93,-344,212,-154,-1536,190,-116,127,1341,1256,-2903,-1,-9,-1,1,0,0,9591799
-43,1077,-369,-1842,1957,-3050,1042,-4849,2996,11,-27,-13,-0.0695900347704006,0,-38,1,-27,-3,-13,5,3,252,98,5,-43,22,3,109,-106,-31,-44,-27,1,-1,0,1,-2,-14,-16,30,0,0,-12,-29,-9,-40,-38,0,-4,-7,-44,-116,31,2,-3,145,-21,-1,2,-41,1778,0,1237,0,-7,-6,-1,-41,4,1,-34,22,-151,62,36,-90,-1,-61,63,-46,11,-59,15,-47,66,-96,175,-36,22,910,-153,-470,-1746,-3272,-4982,2906,-5,-20,0,0,0,1,9591839
35,-635,148,971,-821,-116,717,820,-69,-27,24,1,0.12833041191929961,0,31,-34,22,-29,16,-26,7,-104,112,1,72,-42,-35,-96,126,36,3,-18,0,-1,-1,-1,2,1,3,27,2,15,-18,26,5,34,9,8,4,-7,37,-78,-91,1,4,44,191,1,-7,-14,-917,-3,798,-2,4,3,0,127,1,0,19,-17,155,-119,-28,106,-97,49,-22,56,-62,71,-29,13,-7,118,-98,188,70,-736,168,108,1047,-292,567,-23,8,3,-1,1,0,0,9591981
-50,530,-157,-924,828,-681,707,-1555,1500,166,5,-7,-0.08887865178749976,0,-20,26,-18,19,-14,14,-8,112,17,2,-58,42,35,148,-50,-56,-8,-1,-2,-2,0,4,1,-2,-1,-3,1,6,26,-4,4,-1,-167,1,0,5,11,-52,126,0,-4,49,107,0,15,-7,1021,1,898,0,-4,-4,0,207,-1,-3,2,22,-37,139,54,-51,90,14,49,-22,36,-13,49,-29,-89,-74,258,-318,8,626,-250,-112,-673,-785,-1140,1771,8,5,0,0,1,0,9591611
-9,-115,65,-323,-353,881,-453,567,-805,-316,-1,4,-0.025198516254099523,0,-1,14,-2,17,-2,15,4,-126,41,-1,-6,7,-1,58,-3,-10,-29,-290,2,3,5,1,-4,-4,-7,34,1,6,-10,-6,4,-4,26,0,2,-1,1,14,-1,0,0,-69,-223,1,31,43,-650,0,-727,0,0,-1,1,-325,7,2,-2,25,2,11,-4,-5,35,7,-24,8,0,-2,15,-20,-28,51,-648,-51,-553,-451,95,66,-575,853,329,-1435,25,25,2,1,0,0,9591803
-43,368,-106,107,623,156,1076,306,1695,-353,-11,-3,-0.1350820917376998,0,-23,28,-18,17,-16,18,-6,-209,-86,1,-1,3,4,7,31,13,6,-349,1,-2,4,-1,-2,-3,-4,-30,0,-2,17,-13,-1,-14,4,-5,6,2,12,57,62,1,-4,174,-100,-1,-28,10,385,2,975,4,0,0,1,-349,1,0,-5,1,10,86,25,-29,45,39,41,-2,41,3,20,20,-4,73,-377,-107,-328,237,49,-180,-176,91,22,1353,-18,1,1,1,0,0,9591825
-1,-348,-128,528,-804,-1440,-569,-911,-1349,-49,3,1,-0.03194811666119968,0,18,-1,13,-6,9,-2,-3,-44,35,-3,40,19,-24,-76,108,-90,-58,-98,1,-1,2,-2,0,4,4,-47,-1,-9,3,15,-3,12,-49,4,2,-5,9,65,-40,0,3,-142,-52,0,1,-6,-951,-2,-386,3,2,0,2,398,-3,4,6,-9,83,-71,-33,67,-53,16,-18,5,-31,39,-7,39,-8,111,67,9,45,-522,-22,-124,818,-1512,-703,-1261,-26,-11,1,0,1,0,9591812
10,-439,72,-205,-920,1518,-1080,1303,-1967,-404,22,6,0.10565582795579953,0,31,-23,23,-15,16,-15,8,-266,-216,-3,22,-16,-33,-138,194,-107,-40,-304,0,3,0,1,2,3,5,-77,1,3,-16,24,2,26,100,5,3,2,-6,18,-52,2,6,-80,-263,-1,-13,0,-1302,0,-1301,-1,0,0,-2,-486,-1,1,14,-20,-18,-78,-34,30,-47,-48,-31,-15,-6,36,-38,86,-55,104,-728,-16,-643,-636,85,81,-708,1612,920,-2465,-11,12,1,0,0,1,9591559
9,662,67,590,1242,1199,603,1780,1823,-389,-1,-1,-0.10016269092870012,0,-15,8,-13,6,-7,12,2,35,-117,-1,22,-18,22,87,125,10,14,-316,2,-1,2,2,-3,-4,-7,-48,1,-1,8,-8,2,-6,73,-3,-1,8,-44,53,48,-2,5,225,-106,1,30,-3,1099,1,440,-3,1,2,-2,-217,1,-2,-8,4,4,83,10,-20,43,24,40,-10,63,-5,10,47,-1,117,-349,37,-193,625,156,40,11,1363,1337,1452,-37,1,-2,0,1,0,9592281
46,-441,-190,535,-655,520,-113,1009,-737,-87,-6,3,0.030845512469100278,0,-2,-29,-5,-23,2,-22,5,-124,24,1,20,-66,-31,-56,15,-77,-36,-171,-1,-3,-4,-2,0,-6,-7,-23,2,5,-13,1,0,4,-84,-5,-5,-4,5,-4,-69,0,6,-202,-297,-1,28,-23,-1100,0,-191,2,-3,-1,1,-512,1,2,-1,-34,-26,-87,-15,-37,-73,11,-14,-34,-27,12,-45,21,-75,65,-367,80,-437,-853,-70,-432,144,399,463,-1235,-6,0,0,1,0,0,9591605
20,-57,-120,944,-82,779,-170,1703,-244,65,15,4,0.05287701610930018,0,15,1,18,0,8,-3,-2,88,-46,0,18,-12,-8,10,98,80,55,82,4,1,1,-3,3,9,12,-99,-2,-2,4,13,-3,8,17,-1,-3,5,37,71,-8,1,1,128,198,-1,8,13,90,-1,-239,2,-4,-3,2,346,-4,-4,10,-2,40,9,5,72,34,-32,-25,3,3,20,1,34,18,82,52,-44,131,86,79,-52,981,965,1990,-159,-50,-9,-1,0,1,0,9591689
-23,73,7,-259,-181,-420,-538,-656,-750,3,-8,-1,-0.06644972864590049,0,-6,-10,-8,-4,-8,-14,-1,127,-66,1,-17,17,31,89,-76,89,54,42,-3,3,3,-1,-2,-4,-6,66,-1,-6,10,-3,-6,-9,39,1,-7,8,72,18,4,1,-2,-33,-68,0,-12,3,-2,-1,-491,4,2,0,2,183,-2,-5,-8,-19,-45,39,20,-32,-9,-13,48,-18,24,-26,-5,-52,127,54,230,-71,446,189,216,46,-259,-269,-457,-582,6,-19,1,0,0,1,9591972
-39,481,-143,-169,604,-412,917,-542,1504,103,-12,-4,-0.12627656143619959,0,-9,10,-6,9,-4,1,0,61,-68,2,-5,21,17,-41,104,8,38,31,3,-1,3,3,2,-1,1,39,1,3,9,-18,-6,-24,-72,-3,-9,3,55,-55,41,1,-18,165,380,0,26,35,835,-5,1049,2,-5,-3,2,279,-1,-3,-3,6,-129,58,9,-81,56,-48,2,-44,28,-60,21,3,-25,24,176,-108,207,765,31,-140,129,-445,-208,1925,-12,-11,-1,0,0,1,9591633
-40,-380,233,2041,-356,3648,-647,5729,-986,-252,8,11,0.1385499935879002,0,23,11,20,9,2,15,-1,-119,32,1,25,-24,-17,-132,95,17,7,-30,0,-1,-1,-1,1,3,4,-14,1,8,-7,21,3,24,222,-4,1,-3,-55,142,-34,2,15,-57,-85,2,0,14,-608,-1,-752,7,6,8,5,-48,2,3,14,29,126,-27,-21,44,4,82,-31,8,-30,73,24,69,67,177,-383,-67,17,-443,400,-77,1665,3727,5459,-1228,-2,15,1,1,0,0,9591551
16,-145,-42,661,-105,1232,-194,1877,-299,-285,-6,5,-0.07667025784669956,0,-27,11,-17,1,-16,4,-5,-121,-208,2,7,-34,0,-41,193,-23,-40,-166,3,-1,-3,-5,1,-3,-2,81,-1,11,8,-13,-3,-16,119,-9,-2,-1,56,83,-36,0,-9,-53,-174,1,10,-8,-241,0,-260,0,-5,-5,0,-153,-1,0,0,1,-32,-28,-19,-36,-3,4,-25,8,-19,-22,10,53,45,87,-365,71,-116,-263,249,24,647,1169,1745,-460,8,-6,1,1,0,0,9591681
51,-102,-187,-159,-365,-1075,176,-1285,-168,77,3,-3,-0.039338118022399726,0,-11,1,-12,1,-18,2,-2,-75,76,-1,-23,-33,-21,-95,-25,-9,1,120,-1,-2,-5,1,1,-8,-7,73,-1,-8,-3,3,3,6,43,9,-2,2,-52,-18,-35,-1,7,7,85,0,-7,42,-371,2,326,0,-2,-1,0,286,-3,0,-10,-5,-15,-65,-31,19,-16,-34,-49,-12,-24,17,-10,-25,-6,-52,186,120,245,-120,59,-130,136,-1113,-1097,50,9,1,-1,1,0,0,10181870
-14,-157,-37,-670,-317,-573,-493,-1229,-807,-6,-7,1,-0.11693944353520003,0,-8,-4,-7,-4,-5,0,-1,-47,-22,1,-13,-20,-3,-28,-11,-37,-28,-68,-2,-1,-2,0,-1,-8,-9,-9,0,0,-5,-6,-3,-9,-62,-2,1,1,-37,-43,-19,0,-2,-85,-123,-2,1,-14,-444,0,-555,1,0,0,0,-213,-2,0,-5,-5,-39,-32,-16,-20,-24,-19,-8,-9,-7,-23,-9,-7,-22,-7,-8,-43,-111,-233,-103,-42,-786,-614,-1357,-971,-1,-3,-1,0,1,0,10094593
-2,-234,30,230,-456,491,-190,723,-636,14,3,22,0.21002364066199952,0,2,-5,2,-4,0,-3,-1,-21,20,0,-3,-7,-10,-23,9,13,6,29,-2,0,0,0,0,-1,-1,-10,0,0,-1,5,-3,2,15,0,0,-2,-9,-1,-17,0,0,-34,0,0,3,-1,-476,0,-205,0,0,0,0,8,1,0,2,-2,12,-15,-10,14,-7,-2,-8,1,-2,7,-3,9,9,2,17,-3,30,-249,13,26,221,501,725,-658,2,-2,1,0,1,0,10094600
-4,17,-24,-10,-9,77,282,71,276,6,0,-4,-0.03277777777769941,0,0,-4,0,-2,-1,-1,0,0,-34,0,-9,0,-3,-10,16,-2,9,-2,1,0,0,1,1,-1,0,-8,0,-1,0,-2,2,0,-8,-2,0,1,-6,-8,0,0,0,15,25,0,-7,2,-7,0,300,0,0,0,0,-66,0,1,2,-1,-7,2,3,-3,6,-4,-4,3,0,-2,-1,9,-9,-1,9,-36,1,31,-8,-14,-40,66,62,303,-5,-1,0,0,0,1,10094608
-7,-109,-9,-258,-242,-101,-389,-352,-626,-36,-1,5,-0.03999999999999915,0,2,-1,4,0,1,1,0,3,-26,-1,8,-10,-5,-12,-11,-24,-12,-96,0,0,1,-2,0,1,1,3,0,-1,-1,0,-1,-1,-60,-1,-2,0,-11,-20,-15,0,0,-26,-95,-1,-2,2,-318,0,-462,0,0,0,0,-212,1,0,0,-2,-9,-10,-3,-6,-8,-3,-2,-7,-3,4,-4,-17,-29,-10,-57,-25,-136,-166,-79,-30,-386,-131,-492,-768,3,1,1,1,0,0,10094415
0,-44,1,137,-41,56,115,193,75,0,-2,2,-0.15416666666660017,0,-1,-1,-2,-1,0,-4,-1,-37,-1,-1,0,-2,-1,-12,-21,-11,-10,-16,0,1,0,-2,-1,-2,-3,6,0,2,0,-1,-1,-2,-16,-1,-1,1,-16,-8,-15,0,-1,-6,6,0,2,-6,-46,0,111,1,0,0,1,10,0,0,0,-12,-6,-16,-4,-3,-17,-3,1,3,1,-7,-13,-9,-7,-18,-14,-2,-55,-52,-41,-14,131,70,203,77,2,-1,1,0,1,0,10094598
-12,10,36,97,-154,245,-275,354,-428,-17,1,13,0.044545454545500185,0,2,-2,0,-2,-3,-3,-1,-11,8,0,-7,1,-1,16,10,-24,-11,-18,0,2,-1,0,0,0,0,-15,0,-1,1,5,-1,4,-1,0,0,1,5,-10,-1,0,2,-9,2,0,3,3,-132,0,-261,0,0,1,0,19,0,3,2,-3,1,2,-4,-2,1,3,1,-6,8,5,-2,8,-1,-1,-17,-28,-40,41,-23,66,88,266,382,-409,2,-1,0,1,0,0,10094425
8,237,42,1051,504,391,425,1434,906,31,8,9,-0.04999999999999982,0,7,9,5,7,3,8,1,48,57,0,11,18,23,69,41,29,3,135,0,2,0,1,0,1,1,55,0,1,6,7,1,6,104,3,1,3,43,32,32,-1,2,87,189,3,9,-5,741,0,523,0,0,0,0,443,0,-1,3,11,29,39,6,16,21,13,18,1,15,10,18,27,44,55,63,35,276,372,213,94,1284,454,1703,1195,9,3,0,1,0,0,10094668
5,-8,-37,-256,35,-284,31,-545,75,-1,3,-13,0.33432539682539986,0,2,-10,2,-4,1,-5,1,28,-13,1,2,11,-9,15,-38,-11,-5,-80,-1,1,-1,1,0,0,0,-24,0,-2,-7,4,1,6,-79,2,1,-2,-15,-37,-18,0,1,0,-49,0,-7,-11,17,0,-18,-1,-1,1,-1,-229,-1,-2,2,-11,0,-25,9,3,-16,-3,-9,1,-17,2,-17,-23,-15,-41,5,-8,-140,-20,-145,-49,-368,-301,-661,-16,3,4,-1,1,0,0,10097702
4,63,35,273,191,183,164,452,352,12,2,3,-0.08503662364840014,0,-1,1,1,2,1,-2,-1,17,20,0,-10,3,3,9,36,14,13,54,0,0,0,0,0,-1,-1,2,0,2,2,0,0,-1,42,0,0,0,24,-18,8,0,0,58,85,-1,0,3,303,0,201,-1,-1,-1,-2,174,2,1,0,4,7,16,3,4,11,3,5,7,6,2,7,14,5,28,48,24,126,128,78,64,357,224,557,495,-2,1,1,1,0,0,10097706
-38,-200,-103,159,-666,-178,-168,19,-826,5,-4,1,-0.08827975376200037,0,-21,-17,-13,-16,-12,-16,-1,-4,8,-3,9,-22,-8,11,184,-33,-20,47,2,0,-1,-3,1,3,4,63,-2,5,-4,-16,-2,-17,42,-5,3,-5,-33,-51,-58,-3,-7,37,109,0,-24,52,-637,0,-104,0,-6,-6,-2,179,-2,0,-6,-31,31,-73,-8,-9,-35,40,-38,9,-27,-14,-38,82,-9,128,-6,-76,206,-221,212,-172,99,-166,9,-752,12,7,0,0,0,1,10089501
52,-440,151,683,-632,1132,-548,1763,-1136,-38,-2,8,0.02671726034339983,0,11,-6,-3,-11,9,-2,0,-205,94,2,12,-39,-44,-105,-40,-16,3,-131,1,-1,1,2,-1,1,0,-30,0,15,-5,3,2,6,-93,-4,4,-5,-45,-68,-70,0,4,-118,-211,0,2,-14,-1030,0,-564,1,7,6,1,-389,3,3,5,8,43,-78,-32,34,-68,9,-10,7,-50,16,4,-17,-44,-52,-118,45,-292,-640,-174,82,481,1036,1472,-1489,9,13,3,1,0,0,10089502
12,449,102,-194,855,387,192,181,1054,4,9,-3,0.24548053630779965,0,2,-25,2,-20,-9,-12,6,75,-25,-1,-25,-1,-7,34,-117,-58,-20,-53,-1,-2,-2,6,2,7,8,9,3,8,-17,16,0,17,-57,4,-2,1,-84,-72,35,-2,9,-59,-368,0,8,-50,707,-1,-19,1,2,2,1,-709,-6,1,3,13,18,61,59,17,1,1,60,-10,7,16,-5,-64,-28,-108,-37,56,-219,318,-182,103,-580,371,-265,654,7,4,-3,0,0,1,9592875
-31,388,-132,-872,324,-931,216,-1772,532,82,1,-6,-0.007831075271999666,0,-11,26,-7,25,-9,20,-1,92,-24,-1,-17,45,8,69,55,101,50,187,-3,0,3,-2,1,-2,-2,-4,0,0,10,-3,2,2,105,-1,-10,4,-5,-16,74,0,-1,7,68,0,-10,18,366,1,171,-2,-2,-1,-3,-78,2,5,2,2,-52,78,39,-22,71,-30,7,-43,30,-2,9,48,6,-1,42,-37,186,378,144,-223,-834,-1015,-1812,468,-5,13,1,0,0,1,9592707
3,-79,0,343,-58,7,58,347,4,-19,-1,4,0.05374707259949929,0,-2,2,-2,0,-1,2,2,-47,21,0,5,-9,-4,-8,-15,-11,-7,-41,0,0,0,1,0,-1,-1,-12,0,-2,0,-1,0,-1,-22,0,-1,-1,-7,-5,-13,0,-2,13,-3,0,-5,3,-115,0,74,1,0,0,1,-21,0,0,1,1,6,-16,-4,2,-12,4,-4,6,-12,-3,0,0,-12,-20,-2,19,-64,-142,-62,-7,403,-26,358,-33,-6,-1,0,1,0,0,10075307
-4,25,-9,-52,33,0,-16,-48,23,-13,-3,-2,-0.10592592592590044,0,-11,0,-7,-1,-6,1,-2,-12,-3,0,2,-5,-6,-11,5,-20,-9,-15,0,0,-1,0,-3,-4,-5,-3,0,1,1,-5,1,-4,-2,0,-1,0,2,0,16,0,-1,3,-18,0,3,-3,-23,0,-27,1,-1,-1,0,-41,1,0,-3,9,-14,15,0,-14,2,0,13,0,5,-13,10,-4,-7,-5,-5,-15,-23,-3,-18,-26,-51,-56,-92,-39,-2,-4,0,0,1,0,10075308
-1,176,11,-23,335,44,233,22,557,17,1,-14,-0.07833333333330028,0,1,6,2,3,1,4,-1,23,6,0,-1,11,11,46,6,20,13,48,0,0,0,0,0,1,1,4,0,-1,2,1,-2,-1,31,0,0,1,8,12,15,0,1,30,63,1,0,3,464,0,268,1,-1,-1,0,199,0,-1,-2,6,-5,29,13,1,18,-6,11,-2,8,1,8,6,18,-5,37,10,81,263,44,53,92,117,199,686,3,1,0,0,0,1,10100484
-8,169,19,138,365,214,361,360,718,20,1,-6,-0.17107142857140012,0,0,1,2,0,-1,1,-1,57,15,0,-9,3,8,21,22,40,18,71,0,1,0,0,0,0,0,23,0,-2,2,0,2,2,51,-1,-1,1,24,21,6,0,1,47,56,1,3,6,461,0,375,0,-1,0,0,155,1,0,2,4,-11,15,1,-10,10,-1,5,-5,8,0,6,9,38,31,36,-10,156,233,120,53,194,245,449,815,2,0,1,0,1,0,10100425
-6,-69,-17,-258,-175,-155,-89,-407,-260,-22,-2,-5,-0.31451612903229975,0,0,0,2,0,2,0,-2,-28,-33,0,-11,-12,-4,-30,-21,-15,-4,-45,-1,0,0,0,0,2,2,0,0,-1,0,-3,-1,-4,-23,0,0,1,-8,-16,-12,0,-1,-25,-75,-1,-8,-3,-301,0,-104,1,-1,-1,1,-172,0,0,-3,-5,-5,-10,-3,-6,-11,1,1,4,-2,-5,-5,-16,-6,-1,-59,-34,-81,-135,-22,-48,-383,-193,-542,-375,2,-3,0,0,1,0,10100419
-11,-33,-4,34,-140,-181,-53,-136,-202,-36,0,1,-0.18880308880300056,0,-3,-1,-2,1,-4,-3,-1,-8,1,1,-1,6,9,-8,-24,-20,0,-82,0,0,0,-1,-1,-6,-7,-3,0,-3,4,0,-1,-1,-46,0,2,0,-1,6,24,0,-2,-13,23,0,-2,8,-150,0,-55,0,0,0,0,28,1,2,1,16,-27,33,1,-17,25,-10,8,-16,11,-8,21,-23,-24,8,-20,-8,-63,-57,-43,27,83,-192,-101,-197,1,-6,1,1,0,0,10067207
-8,32,24,-65,193,121,149,64,329,18,-1,-3,0.0693639693639998,0,-2,-6,-1,-4,0,-2,3,9,-40,0,-13,3,13,29,-29,-5,-6,6,0,0,0,-2,-1,-2,-3,9,0,4,-5,1,-1,0,-12,3,-2,-1,-10,-23,9,1,-4,-9,-34,0,-2,0,161,-1,142,0,0,0,0,-121,-3,3,0,-5,-20,4,-6,-15,4,-5,0,-16,18,0,-8,-22,-8,-26,39,-7,2,-4,-37,62,-126,130,11,274,12,-4,0,0,0,1,10067321
